﻿/****** OBS: Obrigatório uso de [dbo] antes das tabelas				******/
/****** set identity_insert	ON/OFF deve estar numa mesma transação	******/

delete from [dbo].tabelacustosbolsa
go
delete from [dbo].tabelacorretagembolsa 
go
delete from [dbo].templatecorretagembolsa
go
delete from [dbo].cotacaobolsa
go
delete from [dbo].bonificacaobolsa
go
delete from [dbo].estrategia
go
delete from [dbo].conversaobolsa
go
delete from [dbo].grupamentobolsa
go
delete from [dbo].subscricaobolsa
go
delete from [dbo].cotacaobmf
go
delete from [dbo].ativobolsa
go
delete from [dbo].ativobmf
go
delete from [dbo].tabelatob
go
delete from [dbo].classebmf
go
delete from [dbo].trader
go
delete from [dbo].tabelaiof
go
delete from [dbo].carteira
go
delete from [dbo].cliente
go
delete from [dbo].pessoa
go
delete from [dbo].grupoprocessamento
go
delete from [dbo].formaliquidacao
go
delete from [dbo].conversaomoeda
go
delete from [dbo].moeda
go
delete from [dbo].agentemercado
go
delete from [dbo].titulorendafixa
go
delete from [dbo].papelrendafixa
go
delete from [dbo].indice
go
delete from [dbo].emissor
go
delete from [dbo].setor
go
delete from [dbo].tipocliente
go
delete from [dbo].SubCategoriaFundo
go
delete from [dbo].CategoriaFundo
go
delete from [dbo].ListaCategoriaFundo
go
delete from [dbo].cadastroprovisao
go
delete from [dbo].CadastroTaxaAdministracao
go
delete from [dbo].permissaomenu
go
delete from [dbo].permissaocliente
go
delete from [dbo].usuario
go
delete from [dbo].grupousuario
go
delete from [dbo].configuracao
go
delete from [dbo].feriado
go
delete from [dbo].localferiado
go

--CADASTROS BASICOS
insert into [dbo].tipoinvestidorcvm values (1, 'CompanhiaAberta')
insert into [dbo].tipoinvestidorcvm values (2, 'SociedadeBeneficiariaIncentivoFiscal')
insert into [dbo].tipoinvestidorcvm values (3, 'InstituicaoFinanceira')
insert into [dbo].tipoinvestidorcvm values (4, 'InvestidorEstrangeiro')
insert into [dbo].tipoinvestidorcvm values (5, 'FundoInvestimento')
insert into [dbo].tipoinvestidorcvm values (6, 'FundoAplicacaoCotas')

INSERT INTO [dbo].[tabelaiof] ([Prazo],[AliquotaIOF])VALUES(1,96.00)
INSERT INTO [dbo].[tabelaiof] ([Prazo],[AliquotaIOF])VALUES(2,93.00)
INSERT INTO [dbo].[tabelaiof] ([Prazo],[AliquotaIOF])VALUES(3,90.00)
INSERT INTO [dbo].[tabelaiof] ([Prazo],[AliquotaIOF])VALUES(4,86.00)
INSERT INTO [dbo].[tabelaiof] ([Prazo],[AliquotaIOF])VALUES(5,83.00)
INSERT INTO [dbo].[tabelaiof] ([Prazo],[AliquotaIOF])VALUES(6,80.00)
INSERT INTO [dbo].[tabelaiof] ([Prazo],[AliquotaIOF])VALUES(7,76.00)
INSERT INTO [dbo].[tabelaiof] ([Prazo],[AliquotaIOF])VALUES(8,73.00)
INSERT INTO [dbo].[tabelaiof] ([Prazo],[AliquotaIOF])VALUES(9,70.00)
INSERT INTO [dbo].[tabelaiof] ([Prazo],[AliquotaIOF])VALUES(10,66.00)
INSERT INTO [dbo].[tabelaiof] ([Prazo],[AliquotaIOF])VALUES(11,63.00)
INSERT INTO [dbo].[tabelaiof] ([Prazo],[AliquotaIOF])VALUES(12,60.00)
INSERT INTO [dbo].[tabelaiof] ([Prazo],[AliquotaIOF])VALUES(13,56.00)
INSERT INTO [dbo].[tabelaiof] ([Prazo],[AliquotaIOF])VALUES(14,53.00)
INSERT INTO [dbo].[tabelaiof] ([Prazo],[AliquotaIOF])VALUES(15,50.00)
INSERT INTO [dbo].[tabelaiof] ([Prazo],[AliquotaIOF])VALUES(16,46.00)
INSERT INTO [dbo].[tabelaiof] ([Prazo],[AliquotaIOF])VALUES(17,43.00)
INSERT INTO [dbo].[tabelaiof] ([Prazo],[AliquotaIOF])VALUES(18,40.00)
INSERT INTO [dbo].[tabelaiof] ([Prazo],[AliquotaIOF])VALUES(19,36.00)
INSERT INTO [dbo].[tabelaiof] ([Prazo],[AliquotaIOF])VALUES(20,33.00)
INSERT INTO [dbo].[tabelaiof] ([Prazo],[AliquotaIOF])VALUES(21,30.00)
INSERT INTO [dbo].[tabelaiof] ([Prazo],[AliquotaIOF])VALUES(22,26.00)
INSERT INTO [dbo].[tabelaiof] ([Prazo],[AliquotaIOF])VALUES(23,23.00)
INSERT INTO [dbo].[tabelaiof] ([Prazo],[AliquotaIOF])VALUES(24,20.00)
INSERT INTO [dbo].[tabelaiof] ([Prazo],[AliquotaIOF])VALUES(25,16.00)
INSERT INTO [dbo].[tabelaiof] ([Prazo],[AliquotaIOF])VALUES(26,13.00)
INSERT INTO [dbo].[tabelaiof] ([Prazo],[AliquotaIOF])VALUES(27,10.00)
INSERT INTO [dbo].[tabelaiof] ([Prazo],[AliquotaIOF])VALUES(28,6.00)
INSERT INTO [dbo].[tabelaiof] ([Prazo],[AliquotaIOF])VALUES(29,3.00)
INSERT INTO [dbo].[tabelaiof] ([Prazo],[AliquotaIOF])VALUES(30,0.00)
go

set identity_insert [dbo].grupoprocessamento on
insert into [dbo].grupoprocessamento(IdGrupoProcessamento, Descricao) values (1, 'Fundos de Investimento ')
insert into [dbo].grupoprocessamento(IdGrupoProcessamento, Descricao) values (2, 'Clubes de Investimento')
insert into [dbo].grupoprocessamento(IdGrupoProcessamento, Descricao) values (3, 'Carteiras de Investimento')
set identity_insert [dbo].grupoprocessamento off
go

set identity_insert [dbo].formaliquidacao on
INSERT INTO [dbo].[formaliquidacao] ([IdFormaLiquidacao],[Descricao],[TipoLiquidacao])VALUES(1,'DOC',1)
INSERT INTO [dbo].[formaliquidacao] ([IdFormaLiquidacao],[Descricao],[TipoLiquidacao])VALUES(2,'TED',1)
INSERT INTO [dbo].[formaliquidacao] ([IdFormaLiquidacao],[Descricao],[TipoLiquidacao])VALUES(3,'Dinheiro',1)
INSERT INTO [dbo].[formaliquidacao] ([IdFormaLiquidacao],[Descricao],[TipoLiquidacao])VALUES(4,'Cetip',1)
INSERT INTO [dbo].[formaliquidacao] ([IdFormaLiquidacao],[Descricao],[TipoLiquidacao])VALUES(5,'CBLC',1)
INSERT INTO [dbo].[formaliquidacao] ([IdFormaLiquidacao],[Descricao],[TipoLiquidacao])VALUES(10,'-',1)
set identity_insert [dbo].formaliquidacao off
go

insert into [dbo].trader (nome, algotrader) values ('Padrão', 'N')
go

set identity_insert [dbo].moeda on
INSERT INTO [dbo].[moeda] ([IdMoeda],[Nome])VALUES(1,'Real')
INSERT INTO [dbo].[moeda] ([IdMoeda],[Nome])VALUES(2,'Dólar')
INSERT INTO [dbo].[moeda] ([IdMoeda],[Nome])VALUES(3,'Euro')
set identity_insert [dbo].moeda off
go

insert into [dbo].conversaomoeda values (1, 2, 21, 2)
insert into [dbo].conversaomoeda values (2, 1, 21, 1)
go

INSERT INTO [dbo].[indice] ([IdIndice],[Descricao],[Tipo],[TipoDivulgacao])VALUES(1,'CDI',1,1)
INSERT INTO [dbo].[indice] ([IdIndice],[Descricao],[Tipo],[TipoDivulgacao])VALUES(10,'SELIC',1,1)
INSERT INTO [dbo].[indice] ([IdIndice],[Descricao],[Tipo],[TipoDivulgacao])VALUES(20,'DÓLAR - COMPRA',2,1)
INSERT INTO [dbo].[indice] ([IdIndice],[Descricao],[Tipo],[TipoDivulgacao])VALUES(21,'DÓLAR',2,1)
INSERT INTO [dbo].[indice] ([IdIndice],[Descricao],[Tipo],[TipoDivulgacao])VALUES(22,'PTAX REF',2,1)
INSERT INTO [dbo].[indice] ([IdIndice],[Descricao],[Tipo],[TipoDivulgacao])VALUES(23,'PTAX 800 MEDIO',2,1)
INSERT INTO [dbo].[indice] ([IdIndice],[Descricao],[Tipo],[TipoDivulgacao])VALUES(24,'PTAX 800 FLU',2,1)
INSERT INTO [dbo].[indice] ([IdIndice],[Descricao],[Tipo],[TipoDivulgacao])VALUES(25,'PTAX 800 VENDA_1130',2,1)
INSERT INTO [dbo].[indice] ([IdIndice],[Descricao],[Tipo],[TipoDivulgacao])VALUES(26,'PTAX REF 2 DIAS',2,1)
INSERT INTO [dbo].[indice] ([IdIndice],[Descricao],[Tipo],[TipoDivulgacao])VALUES(40,'TR',1,1)
INSERT INTO [dbo].[indice] ([IdIndice],[Descricao],[Tipo],[TipoDivulgacao])VALUES(45,'POUPANÇA',1,1)
INSERT INTO [dbo].[indice] ([IdIndice],[Descricao],[Tipo],[TipoDivulgacao])VALUES(60,'IGPM',2,2)
INSERT INTO [dbo].[indice] ([IdIndice],[Descricao],[Tipo],[TipoDivulgacao])VALUES(61,'IPCA',2,2)
INSERT INTO [dbo].[indice] ([IdIndice],[Descricao],[Tipo],[TipoDivulgacao])VALUES(62,'INPC',2,2)
INSERT INTO [dbo].[indice] ([IdIndice],[Descricao],[Tipo],[TipoDivulgacao])VALUES(63,'IGPDI',2,2)
INSERT INTO [dbo].[indice] ([IdIndice],[Descricao],[Tipo],[TipoDivulgacao])VALUES(70,'IBOVESPA',2,1)
INSERT INTO [dbo].[indice] ([IdIndice],[Descricao],[Tipo],[TipoDivulgacao])VALUES(71,'IBOVESPA MÉDIO',2,1)
INSERT INTO [dbo].[indice] ([IdIndice],[Descricao],[Tipo],[TipoDivulgacao])VALUES(73,'IDIVIDENDOS',2,1)
INSERT INTO [dbo].[indice] ([IdIndice],[Descricao],[Tipo],[TipoDivulgacao])VALUES(80,'IBRX',2,1)
INSERT INTO [dbo].[indice] ([IdIndice],[Descricao],[Tipo],[TipoDivulgacao])VALUES(81,'IBRX MÉDIO',2,1)
INSERT INTO [dbo].[indice] ([IdIndice],[Descricao],[Tipo],[TipoDivulgacao])VALUES(90,'IBRX50',2,1)
INSERT INTO [dbo].[indice] ([IdIndice],[Descricao],[Tipo],[TipoDivulgacao])VALUES(91,'IBRX50 MÉDIO',2,1)
INSERT INTO [dbo].[indice] ([IdIndice],[Descricao],[Tipo],[TipoDivulgacao])VALUES(93,'IBRA',2,1)
INSERT INTO [dbo].[indice] ([IdIndice],[Descricao],[Tipo],[TipoDivulgacao])VALUES(100,'IMA_GERAL',2,1)
INSERT INTO [dbo].[indice] ([IdIndice],[Descricao],[Tipo],[TipoDivulgacao])VALUES(101,'IMA_C',2,1)
INSERT INTO [dbo].[indice] ([IdIndice],[Descricao],[Tipo],[TipoDivulgacao])VALUES(102,'IMA_B',2,1)
INSERT INTO [dbo].[indice] ([IdIndice],[Descricao],[Tipo],[TipoDivulgacao])VALUES(103,'IMA_S',2,1)
INSERT INTO [dbo].[indice] ([IdIndice],[Descricao],[Tipo],[TipoDivulgacao])VALUES(104,'IRFM',2,1)
INSERT INTO [dbo].[indice] ([IdIndice],[Descricao],[Tipo],[TipoDivulgacao])VALUES(105,'IRFM 1',2,1)
INSERT INTO [dbo].[indice] ([IdIndice],[Descricao],[Tipo],[TipoDivulgacao])VALUES(106,'IRFM 1+',2,1)
INSERT INTO [dbo].[indice] ([IdIndice],[Descricao],[Tipo],[TipoDivulgacao])VALUES(107,'IMA_B 5',2,1)
INSERT INTO [dbo].[indice] ([IdIndice],[Descricao],[Tipo],[TipoDivulgacao])VALUES(108,'IMA_B 5+',2,1)
INSERT INTO [dbo].[indice] ([IdIndice],[Descricao],[Tipo],[TipoDivulgacao])VALUES(200,'TJLP',1,1)
INSERT INTO [dbo].[indice] ([IdIndice],[Descricao],[Tipo],[TipoDivulgacao])VALUES(210,'ANBID',2,1)
INSERT INTO [dbo].[indice] ([IdIndice],[Descricao],[Tipo],[TipoDivulgacao])VALUES(220,'UFIR',2,1)
INSERT INTO [dbo].[indice] ([IdIndice],[Descricao],[Tipo],[TipoDivulgacao])VALUES(230,'OURO',2,1)
INSERT INTO [dbo].[indice] ([IdIndice],[Descricao],[Tipo],[TipoDivulgacao])VALUES(231,'OURO MÉDIO',2,1)
INSERT INTO [dbo].[indice] ([IdIndice],[Descricao],[Tipo],[TipoDivulgacao])VALUES(400,'IDI',2,1)
INSERT INTO [dbo].[indice] ([IdIndice],[Descricao],[Tipo],[TipoDivulgacao])VALUES(500,'EURO',2,1)
INSERT INTO [dbo].[indice] ([IdIndice],[Descricao],[Tipo],[TipoDivulgacao])VALUES(501,'EURO_DOLAR',2,1)
INSERT INTO [dbo].[indice] ([IdIndice],[Descricao],[Tipo],[TipoDivulgacao])VALUES(510,'YENE',2,1)
INSERT INTO [dbo].[indice] ([IdIndice],[Descricao],[Tipo],[TipoDivulgacao])VALUES(520,'PESO ARGENTINO',2,1)

go
set identity_insert [dbo].agentemercado on
INSERT INTO [dbo].[agentemercado] ([IdAgente],[Nome],[CodigoBovespa],[CodigoBMF],[CNPJ],[Endereco],[Bairro],[Cidade],[UF],[CEP],[Telefone],[Fax],[CorretagemAdicional],[FuncaoCorretora],[FuncaoAdministrador],[FuncaoGestor],[FuncaoLiquidante],[FuncaoCustodiante],[FuncaoDistribuidor],[InfosComplementares])VALUES(1,'MAGLIANO S.A. CCVM',1,1,'','','','','','','','',1,'S','S','N','S','S','N',NULL)
INSERT INTO [dbo].[agentemercado] ([IdAgente],[Nome],[CodigoBovespa],[CodigoBMF],[CNPJ],[Endereco],[Bairro],[Cidade],[UF],[CEP],[Telefone],[Fax],[CorretagemAdicional],[FuncaoCorretora],[FuncaoAdministrador],[FuncaoGestor],[FuncaoLiquidante],[FuncaoCustodiante],[FuncaoDistribuidor],[InfosComplementares])VALUES(2,'CORRETORA SOUZA BARROS CT S.A.',2,2,'','','','','','','','',1,'S','S','N','S','S','N',NULL)
INSERT INTO [dbo].[agentemercado] ([IdAgente],[Nome],[CodigoBovespa],[CodigoBMF],[CNPJ],[Endereco],[Bairro],[Cidade],[UF],[CEP],[Telefone],[Fax],[CorretagemAdicional],[FuncaoCorretora],[FuncaoAdministrador],[FuncaoGestor],[FuncaoLiquidante],[FuncaoCustodiante],[FuncaoDistribuidor],[InfosComplementares])VALUES(3,'XP INVESTIMENTOS CCTVM S.A.',3,3,'','','','','','','','',1,'S','S','N','S','S','N',NULL)
INSERT INTO [dbo].[agentemercado] ([IdAgente],[Nome],[CodigoBovespa],[CodigoBMF],[CNPJ],[Endereco],[Bairro],[Cidade],[UF],[CEP],[Telefone],[Fax],[CorretagemAdicional],[FuncaoCorretora],[FuncaoAdministrador],[FuncaoGestor],[FuncaoLiquidante],[FuncaoCustodiante],[FuncaoDistribuidor],[InfosComplementares])VALUES(4,'ALFA CCVM S.A.',4,4,'','','','','','','','',1,'S','S','N','S','S','N',NULL)
INSERT INTO [dbo].[agentemercado] ([IdAgente],[Nome],[CodigoBovespa],[CodigoBMF],[CNPJ],[Endereco],[Bairro],[Cidade],[UF],[CEP],[Telefone],[Fax],[CorretagemAdicional],[FuncaoCorretora],[FuncaoAdministrador],[FuncaoGestor],[FuncaoLiquidante],[FuncaoCustodiante],[FuncaoDistribuidor],[InfosComplementares])VALUES(5,'ISOLDI S.A. CVM',5,5,'','','','','','','','',1,'S','S','N','S','S','N',NULL)
INSERT INTO [dbo].[agentemercado] ([IdAgente],[Nome],[CodigoBovespa],[CodigoBMF],[CNPJ],[Endereco],[Bairro],[Cidade],[UF],[CEP],[Telefone],[Fax],[CorretagemAdicional],[FuncaoCorretora],[FuncaoAdministrador],[FuncaoGestor],[FuncaoLiquidante],[FuncaoCustodiante],[FuncaoDistribuidor],[InfosComplementares])VALUES(8,'LINK S.A. CCTVM',8,8,'','','','','','','','',1,'S','S','N','S','S','N',NULL)
INSERT INTO [dbo].[agentemercado] ([IdAgente],[Nome],[CodigoBovespa],[CodigoBMF],[CNPJ],[Endereco],[Bairro],[Cidade],[UF],[CEP],[Telefone],[Fax],[CorretagemAdicional],[FuncaoCorretora],[FuncaoAdministrador],[FuncaoGestor],[FuncaoLiquidante],[FuncaoCustodiante],[FuncaoDistribuidor],[InfosComplementares])VALUES(9,'DEUTSCHE BANK CV S.A.',9,9,'','','','','','','','',1,'S','S','N','S','S','N',NULL)
INSERT INTO [dbo].[agentemercado] ([IdAgente],[Nome],[CodigoBovespa],[CodigoBMF],[CNPJ],[Endereco],[Bairro],[Cidade],[UF],[CEP],[Telefone],[Fax],[CorretagemAdicional],[FuncaoCorretora],[FuncaoAdministrador],[FuncaoGestor],[FuncaoLiquidante],[FuncaoCustodiante],[FuncaoDistribuidor],[InfosComplementares])VALUES(10,'SPINELLI S.A. CVMC',10,10,'','','','','','','','',1,'S','S','N','S','S','N',NULL)
INSERT INTO [dbo].[agentemercado] ([IdAgente],[Nome],[CodigoBovespa],[CodigoBMF],[CNPJ],[Endereco],[Bairro],[Cidade],[UF],[CEP],[Telefone],[Fax],[CorretagemAdicional],[FuncaoCorretora],[FuncaoAdministrador],[FuncaoGestor],[FuncaoLiquidante],[FuncaoCustodiante],[FuncaoDistribuidor],[InfosComplementares])VALUES(13,'MERRILL LYNCH S.A. CTVM',13,13,'','','','','','','','',1,'S','S','N','S','S','N',NULL)
INSERT INTO [dbo].[agentemercado] ([IdAgente],[Nome],[CodigoBovespa],[CodigoBMF],[CNPJ],[Endereco],[Bairro],[Cidade],[UF],[CEP],[Telefone],[Fax],[CorretagemAdicional],[FuncaoCorretora],[FuncaoAdministrador],[FuncaoGestor],[FuncaoLiquidante],[FuncaoCustodiante],[FuncaoDistribuidor],[InfosComplementares])VALUES(14,'CRUZEIRO DO SUL S.A. CV',14,14,'','','','','','','','',1,'S','S','N','S','S','N',NULL)
INSERT INTO [dbo].[agentemercado] ([IdAgente],[Nome],[CodigoBovespa],[CodigoBMF],[CNPJ],[Endereco],[Bairro],[Cidade],[UF],[CEP],[Telefone],[Fax],[CorretagemAdicional],[FuncaoCorretora],[FuncaoAdministrador],[FuncaoGestor],[FuncaoLiquidante],[FuncaoCustodiante],[FuncaoDistribuidor],[InfosComplementares])VALUES(15,'INDUSVAL S.A. CTVM',15,15,'','','','','','','','',1,'S','S','N','S','S','N',NULL)
INSERT INTO [dbo].[agentemercado] ([IdAgente],[Nome],[CodigoBovespa],[CodigoBMF],[CNPJ],[Endereco],[Bairro],[Cidade],[UF],[CEP],[Telefone],[Fax],[CorretagemAdicional],[FuncaoCorretora],[FuncaoAdministrador],[FuncaoGestor],[FuncaoLiquidante],[FuncaoCustodiante],[FuncaoDistribuidor],[InfosComplementares])VALUES(16,'J.P. MORGAN CCVM S.A.',16,16,'','','','','','','','',1,'S','S','N','S','S','N',NULL)
INSERT INTO [dbo].[agentemercado] ([IdAgente],[Nome],[CodigoBovespa],[CodigoBMF],[CNPJ],[Endereco],[Bairro],[Cidade],[UF],[CEP],[Telefone],[Fax],[CorretagemAdicional],[FuncaoCorretora],[FuncaoAdministrador],[FuncaoGestor],[FuncaoLiquidante],[FuncaoCustodiante],[FuncaoDistribuidor],[InfosComplementares])VALUES(18,'BBM CCVM S.A.',18,18,'','','','','','','','',1,'S','S','N','S','S','N',NULL)
INSERT INTO [dbo].[agentemercado] ([IdAgente],[Nome],[CodigoBovespa],[CodigoBMF],[CNPJ],[Endereco],[Bairro],[Cidade],[UF],[CEP],[Telefone],[Fax],[CorretagemAdicional],[FuncaoCorretora],[FuncaoAdministrador],[FuncaoGestor],[FuncaoLiquidante],[FuncaoCustodiante],[FuncaoDistribuidor],[InfosComplementares])VALUES(21,'VOTORANTIM CTVM LTDA',21,21,'','','','','','','','',1,'S','S','N','S','S','N',NULL)
INSERT INTO [dbo].[agentemercado] ([IdAgente],[Nome],[CodigoBovespa],[CodigoBMF],[CNPJ],[Endereco],[Bairro],[Cidade],[UF],[CEP],[Telefone],[Fax],[CorretagemAdicional],[FuncaoCorretora],[FuncaoAdministrador],[FuncaoGestor],[FuncaoLiquidante],[FuncaoCustodiante],[FuncaoDistribuidor],[InfosComplementares])VALUES(23,'CONCORDIA S.A. CVMCC',23,23,'','','','','','','','',1,'S','S','N','S','S','N',NULL)
INSERT INTO [dbo].[agentemercado] ([IdAgente],[Nome],[CodigoBovespa],[CodigoBMF],[CNPJ],[Endereco],[Bairro],[Cidade],[UF],[CEP],[Telefone],[Fax],[CorretagemAdicional],[FuncaoCorretora],[FuncaoAdministrador],[FuncaoGestor],[FuncaoLiquidante],[FuncaoCustodiante],[FuncaoDistribuidor],[InfosComplementares])VALUES(27,'SANTANDER S.A. CCT',27,27,'','','','','','','','',1,'S','S','N','S','S','N',NULL)
INSERT INTO [dbo].[agentemercado] ([IdAgente],[Nome],[CodigoBovespa],[CodigoBMF],[CNPJ],[Endereco],[Bairro],[Cidade],[UF],[CEP],[Telefone],[Fax],[CorretagemAdicional],[FuncaoCorretora],[FuncaoAdministrador],[FuncaoGestor],[FuncaoLiquidante],[FuncaoCustodiante],[FuncaoDistribuidor],[InfosComplementares])VALUES(29,'UNILETRA CCTVM LTDA.',29,29,'','','','','','','','',1,'S','S','N','S','S','N',NULL)
INSERT INTO [dbo].[agentemercado] ([IdAgente],[Nome],[CodigoBovespa],[CodigoBMF],[CNPJ],[Endereco],[Bairro],[Cidade],[UF],[CEP],[Telefone],[Fax],[CorretagemAdicional],[FuncaoCorretora],[FuncaoAdministrador],[FuncaoGestor],[FuncaoLiquidante],[FuncaoCustodiante],[FuncaoDistribuidor],[InfosComplementares])VALUES(30,'ABN AMRO REAL CCVM S.A.',30,30,'','','','','','','','',1,'S','S','N','S','S','N',NULL)
INSERT INTO [dbo].[agentemercado] ([IdAgente],[Nome],[CodigoBovespa],[CodigoBMF],[CNPJ],[Endereco],[Bairro],[Cidade],[UF],[CEP],[Telefone],[Fax],[CorretagemAdicional],[FuncaoCorretora],[FuncaoAdministrador],[FuncaoGestor],[FuncaoLiquidante],[FuncaoCustodiante],[FuncaoDistribuidor],[InfosComplementares])VALUES(33,'ESC. LEROSA S.A. CV',33,33,'','','','','','','','',1,'S','S','N','S','S','N',NULL)
INSERT INTO [dbo].[agentemercado] ([IdAgente],[Nome],[CodigoBovespa],[CodigoBMF],[CNPJ],[Endereco],[Bairro],[Cidade],[UF],[CEP],[Telefone],[Fax],[CorretagemAdicional],[FuncaoCorretora],[FuncaoAdministrador],[FuncaoGestor],[FuncaoLiquidante],[FuncaoCustodiante],[FuncaoDistribuidor],[InfosComplementares])VALUES(34,'SCHAHIN CCVM S.A.',34,34,'','','','','','','','',1,'S','S','N','S','S','N',NULL)
INSERT INTO [dbo].[agentemercado] ([IdAgente],[Nome],[CodigoBovespa],[CodigoBMF],[CNPJ],[Endereco],[Bairro],[Cidade],[UF],[CEP],[Telefone],[Fax],[CorretagemAdicional],[FuncaoCorretora],[FuncaoAdministrador],[FuncaoGestor],[FuncaoLiquidante],[FuncaoCustodiante],[FuncaoDistribuidor],[InfosComplementares])VALUES(35,'PETRA PERSONAL TRADER CTVM S.A.',35,35,'','','','','','','','',1,'S','S','N','S','S','N',NULL)
INSERT INTO [dbo].[agentemercado] ([IdAgente],[Nome],[CodigoBovespa],[CodigoBMF],[CNPJ],[Endereco],[Bairro],[Cidade],[UF],[CEP],[Telefone],[Fax],[CorretagemAdicional],[FuncaoCorretora],[FuncaoAdministrador],[FuncaoGestor],[FuncaoLiquidante],[FuncaoCustodiante],[FuncaoDistribuidor],[InfosComplementares])VALUES(37,'UMUARAMA S.A. CTVM',37,37,'','','','','','','','',1,'S','S','N','S','S','N',NULL)
INSERT INTO [dbo].[agentemercado] ([IdAgente],[Nome],[CodigoBovespa],[CodigoBMF],[CNPJ],[Endereco],[Bairro],[Cidade],[UF],[CEP],[Telefone],[Fax],[CorretagemAdicional],[FuncaoCorretora],[FuncaoAdministrador],[FuncaoGestor],[FuncaoLiquidante],[FuncaoCustodiante],[FuncaoDistribuidor],[InfosComplementares])VALUES(38,'CORVAL CVM S.A.',38,38,'','','','','','','','',1,'S','S','N','S','S','N',NULL)
INSERT INTO [dbo].[agentemercado] ([IdAgente],[Nome],[CodigoBovespa],[CodigoBMF],[CNPJ],[Endereco],[Bairro],[Cidade],[UF],[CEP],[Telefone],[Fax],[CorretagemAdicional],[FuncaoCorretora],[FuncaoAdministrador],[FuncaoGestor],[FuncaoLiquidante],[FuncaoCustodiante],[FuncaoDistribuidor],[InfosComplementares])VALUES(39,'AGORA CTVM S.A.',39,39,'','','','','','','','',1,'S','S','N','S','S','N',NULL)
INSERT INTO [dbo].[agentemercado] ([IdAgente],[Nome],[CodigoBovespa],[CodigoBMF],[CNPJ],[Endereco],[Bairro],[Cidade],[UF],[CEP],[Telefone],[Fax],[CorretagemAdicional],[FuncaoCorretora],[FuncaoAdministrador],[FuncaoGestor],[FuncaoLiquidante],[FuncaoCustodiante],[FuncaoDistribuidor],[InfosComplementares])VALUES(40,'MORGAN STANLEY D. W. CTVM S.A.',40,40,'','','','','','','','',1,'S','S','N','S','S','N',NULL)
INSERT INTO [dbo].[agentemercado] ([IdAgente],[Nome],[CodigoBovespa],[CodigoBMF],[CNPJ],[Endereco],[Bairro],[Cidade],[UF],[CEP],[Telefone],[Fax],[CorretagemAdicional],[FuncaoCorretora],[FuncaoAdministrador],[FuncaoGestor],[FuncaoLiquidante],[FuncaoCustodiante],[FuncaoDistribuidor],[InfosComplementares])VALUES(41,'ING CCT S.A.',41,41,'','','','','','','','',1,'S','S','N','S','S','N',NULL)
INSERT INTO [dbo].[agentemercado] ([IdAgente],[Nome],[CodigoBovespa],[CodigoBMF],[CNPJ],[Endereco],[Bairro],[Cidade],[UF],[CEP],[Telefone],[Fax],[CorretagemAdicional],[FuncaoCorretora],[FuncaoAdministrador],[FuncaoGestor],[FuncaoLiquidante],[FuncaoCustodiante],[FuncaoDistribuidor],[InfosComplementares])VALUES(45,'CREDIT SUISSE BRASIL S.A. CTVM',45,45,'','','','','','','','',1,'S','S','N','S','S','N',NULL)
INSERT INTO [dbo].[agentemercado] ([IdAgente],[Nome],[CodigoBovespa],[CodigoBMF],[CNPJ],[Endereco],[Bairro],[Cidade],[UF],[CEP],[Telefone],[Fax],[CorretagemAdicional],[FuncaoCorretora],[FuncaoAdministrador],[FuncaoGestor],[FuncaoLiquidante],[FuncaoCustodiante],[FuncaoDistribuidor],[InfosComplementares])VALUES(47,'SOLIDEZ CCTVM LTDA.',47,47,'','','','','','','','',1,'S','S','N','S','S','N',NULL)
INSERT INTO [dbo].[agentemercado] ([IdAgente],[Nome],[CodigoBovespa],[CodigoBMF],[CNPJ],[Endereco],[Bairro],[Cidade],[UF],[CEP],[Telefone],[Fax],[CorretagemAdicional],[FuncaoCorretora],[FuncaoAdministrador],[FuncaoGestor],[FuncaoLiquidante],[FuncaoCustodiante],[FuncaoDistribuidor],[InfosComplementares])VALUES(51,'CITIGROUP GLOBAL MARKET BRASIL',77,77,'','','','','','','','',1,'S','S','N','S','S','N',NULL)
INSERT INTO [dbo].[agentemercado] ([IdAgente],[Nome],[CodigoBovespa],[CodigoBMF],[CNPJ],[Endereco],[Bairro],[Cidade],[UF],[CEP],[Telefone],[Fax],[CorretagemAdicional],[FuncaoCorretora],[FuncaoAdministrador],[FuncaoGestor],[FuncaoLiquidante],[FuncaoCustodiante],[FuncaoDistribuidor],[InfosComplementares])VALUES(54,'BES SECURITIES BRASIL S.A. CCVM',54,54,'','','','','','','','',1,'S','S','N','S','S','N',NULL)
INSERT INTO [dbo].[agentemercado] ([IdAgente],[Nome],[CodigoBovespa],[CodigoBMF],[CNPJ],[Endereco],[Bairro],[Cidade],[UF],[CEP],[Telefone],[Fax],[CorretagemAdicional],[FuncaoCorretora],[FuncaoAdministrador],[FuncaoGestor],[FuncaoLiquidante],[FuncaoCustodiante],[FuncaoDistribuidor],[InfosComplementares])VALUES(57,'BRASCAN S.A. CTV',57,57,'','','','','','','','',1,'S','S','N','S','S','N',NULL)
INSERT INTO [dbo].[agentemercado] ([IdAgente],[Nome],[CodigoBovespa],[CodigoBMF],[CNPJ],[Endereco],[Bairro],[Cidade],[UF],[CEP],[Telefone],[Fax],[CorretagemAdicional],[FuncaoCorretora],[FuncaoAdministrador],[FuncaoGestor],[FuncaoLiquidante],[FuncaoCustodiante],[FuncaoDistribuidor],[InfosComplementares])VALUES(58,'SOCOPA SC PAULISTA S.A.',58,58,'','','','','','','','',1,'S','S','N','S','S','N',NULL)
INSERT INTO [dbo].[agentemercado] ([IdAgente],[Nome],[CodigoBovespa],[CodigoBMF],[CNPJ],[Endereco],[Bairro],[Cidade],[UF],[CEP],[Telefone],[Fax],[CorretagemAdicional],[FuncaoCorretora],[FuncaoAdministrador],[FuncaoGestor],[FuncaoLiquidante],[FuncaoCustodiante],[FuncaoDistribuidor],[InfosComplementares])VALUES(59,'SAFRA CVC LTDA.',59,59,'','','','','','','','',1,'S','S','N','S','S','N',NULL)
INSERT INTO [dbo].[agentemercado] ([IdAgente],[Nome],[CodigoBovespa],[CodigoBMF],[CNPJ],[Endereco],[Bairro],[Cidade],[UF],[CEP],[Telefone],[Fax],[CorretagemAdicional],[FuncaoCorretora],[FuncaoAdministrador],[FuncaoGestor],[FuncaoLiquidante],[FuncaoCustodiante],[FuncaoDistribuidor],[InfosComplementares])VALUES(63,'NOVINVEST CVM LTDA.',63,63,'','','','','','','','',1,'S','S','N','S','S','N',NULL)
INSERT INTO [dbo].[agentemercado] ([IdAgente],[Nome],[CodigoBovespa],[CodigoBMF],[CNPJ],[Endereco],[Bairro],[Cidade],[UF],[CEP],[Telefone],[Fax],[CorretagemAdicional],[FuncaoCorretora],[FuncaoAdministrador],[FuncaoGestor],[FuncaoLiquidante],[FuncaoCustodiante],[FuncaoDistribuidor],[InfosComplementares])VALUES(64,'SOCIETE GENERALE S.A. CCTVM',64,64,'','','','','','','','',1,'S','S','N','S','S','N',NULL)
INSERT INTO [dbo].[agentemercado] ([IdAgente],[Nome],[CodigoBovespa],[CodigoBMF],[CNPJ],[Endereco],[Bairro],[Cidade],[UF],[CEP],[Telefone],[Fax],[CorretagemAdicional],[FuncaoCorretora],[FuncaoAdministrador],[FuncaoGestor],[FuncaoLiquidante],[FuncaoCustodiante],[FuncaoDistribuidor],[InfosComplementares])VALUES(67,'POLINVEST CCTVM LTDA.',67,67,'','','','','','','','',1,'S','S','N','S','S','N',NULL)
INSERT INTO [dbo].[agentemercado] ([IdAgente],[Nome],[CodigoBovespa],[CodigoBMF],[CNPJ],[Endereco],[Bairro],[Cidade],[UF],[CEP],[Telefone],[Fax],[CorretagemAdicional],[FuncaoCorretora],[FuncaoAdministrador],[FuncaoGestor],[FuncaoLiquidante],[FuncaoCustodiante],[FuncaoDistribuidor],[InfosComplementares])VALUES(68,'LEVYCAM CCV LTDA.',68,68,'','','','','','','','',1,'S','S','N','S','S','N',NULL)
INSERT INTO [dbo].[agentemercado] ([IdAgente],[Nome],[CodigoBovespa],[CodigoBMF],[CNPJ],[Endereco],[Bairro],[Cidade],[UF],[CEP],[Telefone],[Fax],[CorretagemAdicional],[FuncaoCorretora],[FuncaoAdministrador],[FuncaoGestor],[FuncaoLiquidante],[FuncaoCustodiante],[FuncaoDistribuidor],[InfosComplementares])VALUES(70,'HSBC CTVM S.A.',70,70,'','','','','','','','',1,'S','S','N','S','S','N',NULL)
INSERT INTO [dbo].[agentemercado] ([IdAgente],[Nome],[CodigoBovespa],[CodigoBMF],[CNPJ],[Endereco],[Bairro],[Cidade],[UF],[CEP],[Telefone],[Fax],[CorretagemAdicional],[FuncaoCorretora],[FuncaoAdministrador],[FuncaoGestor],[FuncaoLiquidante],[FuncaoCustodiante],[FuncaoDistribuidor],[InfosComplementares])VALUES(72,'BRADESCO S.A. CTVM',72,72,'','','','','','','','',1,'S','S','N','S','S','N',NULL)
INSERT INTO [dbo].[agentemercado] ([IdAgente],[Nome],[CodigoBovespa],[CodigoBMF],[CNPJ],[Endereco],[Bairro],[Cidade],[UF],[CEP],[Telefone],[Fax],[CorretagemAdicional],[FuncaoCorretora],[FuncaoAdministrador],[FuncaoGestor],[FuncaoLiquidante],[FuncaoCustodiante],[FuncaoDistribuidor],[InfosComplementares])VALUES(74,'COINVALORES CCVM LTDA',74,74,'','','','','','','','',1,'S','S','N','S','S','N',NULL)
INSERT INTO [dbo].[agentemercado] ([IdAgente],[Nome],[CodigoBovespa],[CodigoBMF],[CNPJ],[Endereco],[Bairro],[Cidade],[UF],[CEP],[Telefone],[Fax],[CorretagemAdicional],[FuncaoCorretora],[FuncaoAdministrador],[FuncaoGestor],[FuncaoLiquidante],[FuncaoCustodiante],[FuncaoDistribuidor],[InfosComplementares])VALUES(75,'TALARICO CCTM LTDA.',75,75,'','','','','','','','',1,'S','S','N','S','S','N',NULL)
INSERT INTO [dbo].[agentemercado] ([IdAgente],[Nome],[CodigoBovespa],[CodigoBMF],[CNPJ],[Endereco],[Bairro],[Cidade],[UF],[CEP],[Telefone],[Fax],[CorretagemAdicional],[FuncaoCorretora],[FuncaoAdministrador],[FuncaoGestor],[FuncaoLiquidante],[FuncaoCustodiante],[FuncaoDistribuidor],[InfosComplementares])VALUES(76,'FINABANK CCTVM LTDA',76,76,'','','','','','','','',1,'S','S','N','S','S','N',NULL)
INSERT INTO [dbo].[agentemercado] ([IdAgente],[Nome],[CodigoBovespa],[CodigoBMF],[CNPJ],[Endereco],[Bairro],[Cidade],[UF],[CEP],[Telefone],[Fax],[CorretagemAdicional],[FuncaoCorretora],[FuncaoAdministrador],[FuncaoGestor],[FuncaoLiquidante],[FuncaoCustodiante],[FuncaoDistribuidor],[InfosComplementares])VALUES(77,'INTRA S.A. CCV',77,77,'','','','','','','','',1,'S','S','N','S','S','N',NULL)
INSERT INTO [dbo].[agentemercado] ([IdAgente],[Nome],[CodigoBovespa],[CodigoBMF],[CNPJ],[Endereco],[Bairro],[Cidade],[UF],[CEP],[Telefone],[Fax],[CorretagemAdicional],[FuncaoCorretora],[FuncaoAdministrador],[FuncaoGestor],[FuncaoLiquidante],[FuncaoCustodiante],[FuncaoDistribuidor],[InfosComplementares])VALUES(78,'SANTANDER BRASIL S.A. CTVM',78,78,'','','','','','','','',1,'S','S','N','S','S','N',NULL)
INSERT INTO [dbo].[agentemercado] ([IdAgente],[Nome],[CodigoBovespa],[CodigoBMF],[CNPJ],[Endereco],[Bairro],[Cidade],[UF],[CEP],[Telefone],[Fax],[CorretagemAdicional],[FuncaoCorretora],[FuncaoAdministrador],[FuncaoGestor],[FuncaoLiquidante],[FuncaoCustodiante],[FuncaoDistribuidor],[InfosComplementares])VALUES(82,'TOV CCTVM LTDA.',82,82,'','','','','','','','',1,'S','S','N','S','S','N',NULL)
INSERT INTO [dbo].[agentemercado] ([IdAgente],[Nome],[CodigoBovespa],[CodigoBMF],[CNPJ],[Endereco],[Bairro],[Cidade],[UF],[CEP],[Telefone],[Fax],[CorretagemAdicional],[FuncaoCorretora],[FuncaoAdministrador],[FuncaoGestor],[FuncaoLiquidante],[FuncaoCustodiante],[FuncaoDistribuidor],[InfosComplementares])VALUES(85,'UBS PACTUAL CTVM S.A.',85,85,'','','','','','','','',1,'S','S','N','S','S','N',NULL)
INSERT INTO [dbo].[agentemercado] ([IdAgente],[Nome],[CodigoBovespa],[CodigoBMF],[CNPJ],[Endereco],[Bairro],[Cidade],[UF],[CEP],[Telefone],[Fax],[CorretagemAdicional],[FuncaoCorretora],[FuncaoAdministrador],[FuncaoGestor],[FuncaoLiquidante],[FuncaoCustodiante],[FuncaoDistribuidor],[InfosComplementares])VALUES(86,'WALPIRES S.A. CCTVM',86,86,'','','','','','','','',1,'S','S','N','S','S','N',NULL)
INSERT INTO [dbo].[agentemercado] ([IdAgente],[Nome],[CodigoBovespa],[CodigoBMF],[CNPJ],[Endereco],[Bairro],[Cidade],[UF],[CEP],[Telefone],[Fax],[CorretagemAdicional],[FuncaoCorretora],[FuncaoAdministrador],[FuncaoGestor],[FuncaoLiquidante],[FuncaoCustodiante],[FuncaoDistribuidor],[InfosComplementares])VALUES(90,'TITULO CV S.A.',90,90,'','','','','','','','',1,'S','S','N','S','S','N',NULL)
INSERT INTO [dbo].[agentemercado] ([IdAgente],[Nome],[CodigoBovespa],[CodigoBMF],[CNPJ],[Endereco],[Bairro],[Cidade],[UF],[CEP],[Telefone],[Fax],[CorretagemAdicional],[FuncaoCorretora],[FuncaoAdministrador],[FuncaoGestor],[FuncaoLiquidante],[FuncaoCustodiante],[FuncaoDistribuidor],[InfosComplementares])VALUES(91,'DIAS DE SOUZA VSC LTDA.',91,91,'','','','','','','','',1,'S','S','N','S','S','N',NULL)
INSERT INTO [dbo].[agentemercado] ([IdAgente],[Nome],[CodigoBovespa],[CodigoBMF],[CNPJ],[Endereco],[Bairro],[Cidade],[UF],[CEP],[Telefone],[Fax],[CorretagemAdicional],[FuncaoCorretora],[FuncaoAdministrador],[FuncaoGestor],[FuncaoLiquidante],[FuncaoCustodiante],[FuncaoDistribuidor],[InfosComplementares])VALUES(95,'HEDGING-GRIFFO CV S.A.',95,95,'','','','','','','','',1,'S','S','N','S','S','N',NULL)
INSERT INTO [dbo].[agentemercado] ([IdAgente],[Nome],[CodigoBovespa],[CodigoBMF],[CNPJ],[Endereco],[Bairro],[Cidade],[UF],[CEP],[Telefone],[Fax],[CorretagemAdicional],[FuncaoCorretora],[FuncaoAdministrador],[FuncaoGestor],[FuncaoLiquidante],[FuncaoCustodiante],[FuncaoDistribuidor],[InfosComplementares])VALUES(98,'ALPES CCTVM S.A.',98,98,'','','','','','','','',1,'S','S','N','S','S','N',NULL)
INSERT INTO [dbo].[agentemercado] ([IdAgente],[Nome],[CodigoBovespa],[CodigoBMF],[CNPJ],[Endereco],[Bairro],[Cidade],[UF],[CEP],[Telefone],[Fax],[CorretagemAdicional],[FuncaoCorretora],[FuncaoAdministrador],[FuncaoGestor],[FuncaoLiquidante],[FuncaoCustodiante],[FuncaoDistribuidor],[InfosComplementares])VALUES(99,'TENDENCIA CCTVM LTDA.',99,99,'','','','','','','','',1,'S','S','N','S','S','N',NULL)
INSERT INTO [dbo].[agentemercado] ([IdAgente],[Nome],[CodigoBovespa],[CodigoBMF],[CNPJ],[Endereco],[Bairro],[Cidade],[UF],[CEP],[Telefone],[Fax],[CorretagemAdicional],[FuncaoCorretora],[FuncaoAdministrador],[FuncaoGestor],[FuncaoLiquidante],[FuncaoCustodiante],[FuncaoDistribuidor],[InfosComplementares])VALUES(102,'BANIF CVC S.A.',102,102,'','','','','','','','',1,'S','S','N','S','S','N',NULL)
INSERT INTO [dbo].[agentemercado] ([IdAgente],[Nome],[CodigoBovespa],[CodigoBMF],[CNPJ],[Endereco],[Bairro],[Cidade],[UF],[CEP],[Telefone],[Fax],[CorretagemAdicional],[FuncaoCorretora],[FuncaoAdministrador],[FuncaoGestor],[FuncaoLiquidante],[FuncaoCustodiante],[FuncaoDistribuidor],[InfosComplementares])VALUES(106,'MERC. DO BRASIL COR S.A. CTVM',106,106,'','','','','','','','',1,'S','S','N','S','S','N',NULL)
INSERT INTO [dbo].[agentemercado] ([IdAgente],[Nome],[CodigoBovespa],[CodigoBMF],[CNPJ],[Endereco],[Bairro],[Cidade],[UF],[CEP],[Telefone],[Fax],[CorretagemAdicional],[FuncaoCorretora],[FuncaoAdministrador],[FuncaoGestor],[FuncaoLiquidante],[FuncaoCustodiante],[FuncaoDistribuidor],[InfosComplementares])VALUES(110,'SLW CVC LTDA.',110,110,'','','','','','','','',1,'S','S','N','S','S','N',NULL)
INSERT INTO [dbo].[agentemercado] ([IdAgente],[Nome],[CodigoBovespa],[CodigoBMF],[CNPJ],[Endereco],[Bairro],[Cidade],[UF],[CEP],[Telefone],[Fax],[CorretagemAdicional],[FuncaoCorretora],[FuncaoAdministrador],[FuncaoGestor],[FuncaoLiquidante],[FuncaoCustodiante],[FuncaoDistribuidor],[InfosComplementares])VALUES(114,'ITAU CV S/A',114,114,'','','','','','','','',1,'S','S','N','S','S','N',NULL)
INSERT INTO [dbo].[agentemercado] ([IdAgente],[Nome],[CodigoBovespa],[CodigoBMF],[CNPJ],[Endereco],[Bairro],[Cidade],[UF],[CEP],[Telefone],[Fax],[CorretagemAdicional],[FuncaoCorretora],[FuncaoAdministrador],[FuncaoGestor],[FuncaoLiquidante],[FuncaoCustodiante],[FuncaoDistribuidor],[InfosComplementares])VALUES(127,'CONVENCAO S.A. CVC',127,127,'','','','','','','','',1,'S','S','N','S','S','N',NULL)
INSERT INTO [dbo].[agentemercado] ([IdAgente],[Nome],[CodigoBovespa],[CodigoBMF],[CNPJ],[Endereco],[Bairro],[Cidade],[UF],[CEP],[Telefone],[Fax],[CorretagemAdicional],[FuncaoCorretora],[FuncaoAdministrador],[FuncaoGestor],[FuncaoLiquidante],[FuncaoCustodiante],[FuncaoDistribuidor],[InfosComplementares])VALUES(129,'PLANNER CV S.A.',129,129,'','','','','','','','',1,'S','S','N','S','S','N',NULL)
INSERT INTO [dbo].[agentemercado] ([IdAgente],[Nome],[CodigoBovespa],[CodigoBMF],[CNPJ],[Endereco],[Bairro],[Cidade],[UF],[CEP],[Telefone],[Fax],[CorretagemAdicional],[FuncaoCorretora],[FuncaoAdministrador],[FuncaoGestor],[FuncaoLiquidante],[FuncaoCustodiante],[FuncaoDistribuidor],[InfosComplementares])VALUES(130,'THECA CCTVM LTDA',130,130,'','','','','','','','',1,'S','S','N','S','S','N',NULL)
INSERT INTO [dbo].[agentemercado] ([IdAgente],[Nome],[CodigoBovespa],[CodigoBMF],[CNPJ],[Endereco],[Bairro],[Cidade],[UF],[CEP],[Telefone],[Fax],[CorretagemAdicional],[FuncaoCorretora],[FuncaoAdministrador],[FuncaoGestor],[FuncaoLiquidante],[FuncaoCustodiante],[FuncaoDistribuidor],[InfosComplementares])VALUES(131,'FATOR S.A. CV',131,131,'','','','','','','','',1,'S','S','N','S','S','N',NULL)
INSERT INTO [dbo].[agentemercado] ([IdAgente],[Nome],[CodigoBovespa],[CodigoBMF],[CNPJ],[Endereco],[Bairro],[Cidade],[UF],[CEP],[Telefone],[Fax],[CorretagemAdicional],[FuncaoCorretora],[FuncaoAdministrador],[FuncaoGestor],[FuncaoLiquidante],[FuncaoCustodiante],[FuncaoDistribuidor],[InfosComplementares])VALUES(140,'DIFERENCIAL CTVM S.A.',140,140,'','','','','','','','',1,'S','S','N','S','S','N',NULL)
INSERT INTO [dbo].[agentemercado] ([IdAgente],[Nome],[CodigoBovespa],[CodigoBMF],[CNPJ],[Endereco],[Bairro],[Cidade],[UF],[CEP],[Telefone],[Fax],[CorretagemAdicional],[FuncaoCorretora],[FuncaoAdministrador],[FuncaoGestor],[FuncaoLiquidante],[FuncaoCustodiante],[FuncaoDistribuidor],[InfosComplementares])VALUES(147,'ATIVA S.A. CTCV',147,147,'','','','','','','','',1,'S','S','N','S','S','N',NULL)
INSERT INTO [dbo].[agentemercado] ([IdAgente],[Nome],[CodigoBovespa],[CodigoBMF],[CNPJ],[Endereco],[Bairro],[Cidade],[UF],[CEP],[Telefone],[Fax],[CorretagemAdicional],[FuncaoCorretora],[FuncaoAdministrador],[FuncaoGestor],[FuncaoLiquidante],[FuncaoCustodiante],[FuncaoDistribuidor],[InfosComplementares])VALUES(150,'PROSPER S.A. CVC',150,150,'','','','','','','','',1,'S','S','N','S','S','N',NULL)
INSERT INTO [dbo].[agentemercado] ([IdAgente],[Nome],[CodigoBovespa],[CodigoBMF],[CNPJ],[Endereco],[Bairro],[Cidade],[UF],[CEP],[Telefone],[Fax],[CorretagemAdicional],[FuncaoCorretora],[FuncaoAdministrador],[FuncaoGestor],[FuncaoLiquidante],[FuncaoCustodiante],[FuncaoDistribuidor],[InfosComplementares])VALUES(157,'ESCRITORIO RUY LAGE SCT LTDA.',157,157,'','','','','','','','',1,'S','S','N','S','S','N',NULL)
INSERT INTO [dbo].[agentemercado] ([IdAgente],[Nome],[CodigoBovespa],[CodigoBMF],[CNPJ],[Endereco],[Bairro],[Cidade],[UF],[CEP],[Telefone],[Fax],[CorretagemAdicional],[FuncaoCorretora],[FuncaoAdministrador],[FuncaoGestor],[FuncaoLiquidante],[FuncaoCustodiante],[FuncaoDistribuidor],[InfosComplementares])VALUES(172,'BANRISUL S.A. CVMC',172,172,'','','','','','','','',1,'S','S','N','S','S','N',NULL)
INSERT INTO [dbo].[agentemercado] ([IdAgente],[Nome],[CodigoBovespa],[CodigoBMF],[CNPJ],[Endereco],[Bairro],[Cidade],[UF],[CEP],[Telefone],[Fax],[CorretagemAdicional],[FuncaoCorretora],[FuncaoAdministrador],[FuncaoGestor],[FuncaoLiquidante],[FuncaoCustodiante],[FuncaoDistribuidor],[InfosComplementares])VALUES(173,'GERACAO FUTURO CV S.A.',173,173,'','','','','','','','',1,'S','S','N','S','S','N',NULL)
INSERT INTO [dbo].[agentemercado] ([IdAgente],[Nome],[CodigoBovespa],[CodigoBMF],[CNPJ],[Endereco],[Bairro],[Cidade],[UF],[CEP],[Telefone],[Fax],[CorretagemAdicional],[FuncaoCorretora],[FuncaoAdministrador],[FuncaoGestor],[FuncaoLiquidante],[FuncaoCustodiante],[FuncaoDistribuidor],[InfosComplementares])VALUES(174,'ELITE CCVM LTDA.',174,174,'','','','','','','','',1,'S','S','N','S','S','N',NULL)
INSERT INTO [dbo].[agentemercado] ([IdAgente],[Nome],[CodigoBovespa],[CodigoBMF],[CNPJ],[Endereco],[Bairro],[Cidade],[UF],[CEP],[Telefone],[Fax],[CorretagemAdicional],[FuncaoCorretora],[FuncaoAdministrador],[FuncaoGestor],[FuncaoLiquidante],[FuncaoCustodiante],[FuncaoDistribuidor],[InfosComplementares])VALUES(175,'OMAR CARMARGO CCV LTDA.',175,175,'','','','','','','','',1,'S','S','N','S','S','N',NULL)
INSERT INTO [dbo].[agentemercado] ([IdAgente],[Nome],[CodigoBovespa],[CodigoBMF],[CNPJ],[Endereco],[Bairro],[Cidade],[UF],[CEP],[Telefone],[Fax],[CorretagemAdicional],[FuncaoCorretora],[FuncaoAdministrador],[FuncaoGestor],[FuncaoLiquidante],[FuncaoCustodiante],[FuncaoDistribuidor],[InfosComplementares])VALUES(177,'SOLIDUS S.A. CCVM',177,177,'','','','','','','','',1,'S','S','N','S','S','N',NULL)
INSERT INTO [dbo].[agentemercado] ([IdAgente],[Nome],[CodigoBovespa],[CodigoBMF],[CNPJ],[Endereco],[Bairro],[Cidade],[UF],[CEP],[Telefone],[Fax],[CorretagemAdicional],[FuncaoCorretora],[FuncaoAdministrador],[FuncaoGestor],[FuncaoLiquidante],[FuncaoCustodiante],[FuncaoDistribuidor],[InfosComplementares])VALUES(181,'MUNDINVEST S.A. CCVM',181,181,'','','','','','','','',1,'S','S','N','S','S','N',NULL)
INSERT INTO [dbo].[agentemercado] ([IdAgente],[Nome],[CodigoBovespa],[CodigoBMF],[CNPJ],[Endereco],[Bairro],[Cidade],[UF],[CEP],[Telefone],[Fax],[CorretagemAdicional],[FuncaoCorretora],[FuncaoAdministrador],[FuncaoGestor],[FuncaoLiquidante],[FuncaoCustodiante],[FuncaoDistribuidor],[InfosComplementares])VALUES(186,'CORRETORA GERAL DE VC LTDA.',186,186,'','','','','','','','',1,'S','S','N','S','S','N',NULL)
INSERT INTO [dbo].[agentemercado] ([IdAgente],[Nome],[CodigoBovespa],[CodigoBMF],[CNPJ],[Endereco],[Bairro],[Cidade],[UF],[CEP],[Telefone],[Fax],[CorretagemAdicional],[FuncaoCorretora],[FuncaoAdministrador],[FuncaoGestor],[FuncaoLiquidante],[FuncaoCustodiante],[FuncaoDistribuidor],[InfosComplementares])VALUES(187,'SITA SCCVM S.A.',187,187,'','','','','','','','',1,'S','S','N','S','S','N',NULL)
INSERT INTO [dbo].[agentemercado] ([IdAgente],[Nome],[CodigoBovespa],[CodigoBMF],[CNPJ],[Endereco],[Bairro],[Cidade],[UF],[CEP],[Telefone],[Fax],[CorretagemAdicional],[FuncaoCorretora],[FuncaoAdministrador],[FuncaoGestor],[FuncaoLiquidante],[FuncaoCustodiante],[FuncaoDistribuidor],[InfosComplementares])VALUES(189,'PRIME S.A. CCV',189,189,'','','','','','','','',1,'S','S','N','S','S','N',NULL)
INSERT INTO [dbo].[agentemercado] ([IdAgente],[Nome],[CodigoBovespa],[CodigoBMF],[CNPJ],[Endereco],[Bairro],[Cidade],[UF],[CEP],[Telefone],[Fax],[CorretagemAdicional],[FuncaoCorretora],[FuncaoAdministrador],[FuncaoGestor],[FuncaoLiquidante],[FuncaoCustodiante],[FuncaoDistribuidor],[InfosComplementares])VALUES(190,'PILLA CVMC LTDA.',190,190,'','','','','','','','',1,'S','S','N','S','S','N',NULL)
INSERT INTO [dbo].[agentemercado] ([IdAgente],[Nome],[CodigoBovespa],[CodigoBMF],[CNPJ],[Endereco],[Bairro],[Cidade],[UF],[CEP],[Telefone],[Fax],[CorretagemAdicional],[FuncaoCorretora],[FuncaoAdministrador],[FuncaoGestor],[FuncaoLiquidante],[FuncaoCustodiante],[FuncaoDistribuidor],[InfosComplementares])VALUES(191,'SENSO CCVM S.A.',191,191,'','','','','','','','',1,'S','S','N','S','S','N',NULL)
INSERT INTO [dbo].[agentemercado] ([IdAgente],[Nome],[CodigoBovespa],[CodigoBMF],[CNPJ],[Endereco],[Bairro],[Cidade],[UF],[CEP],[Telefone],[Fax],[CorretagemAdicional],[FuncaoCorretora],[FuncaoAdministrador],[FuncaoGestor],[FuncaoLiquidante],[FuncaoCustodiante],[FuncaoDistribuidor],[InfosComplementares])VALUES(192,'GERALDO CORREA CVM S.A.',192,192,'','','','','','','','',1,'S','S','N','S','S','N',NULL)
INSERT INTO [dbo].[agentemercado] ([IdAgente],[Nome],[CodigoBovespa],[CodigoBMF],[CNPJ],[Endereco],[Bairro],[Cidade],[UF],[CEP],[Telefone],[Fax],[CorretagemAdicional],[FuncaoCorretora],[FuncaoAdministrador],[FuncaoGestor],[FuncaoLiquidante],[FuncaoCustodiante],[FuncaoDistribuidor],[InfosComplementares])VALUES(219,'MANCHESTER S.A. CCT',219,219,'','','','','','','','',1,'S','S','N','S','S','N',NULL)
INSERT INTO [dbo].[agentemercado] ([IdAgente],[Nome],[CodigoBovespa],[CodigoBMF],[CNPJ],[Endereco],[Bairro],[Cidade],[UF],[CEP],[Telefone],[Fax],[CorretagemAdicional],[FuncaoCorretora],[FuncaoAdministrador],[FuncaoGestor],[FuncaoLiquidante],[FuncaoCustodiante],[FuncaoDistribuidor],[InfosComplementares])VALUES(226,'AMARIL FRANKLIN CTV LTDA.',226,226,'','','','','','','','',1,'S','S','N','S','S','N',NULL)
INSERT INTO [dbo].[agentemercado] ([IdAgente],[Nome],[CodigoBovespa],[CodigoBMF],[CNPJ],[Endereco],[Bairro],[Cidade],[UF],[CEP],[Telefone],[Fax],[CorretagemAdicional],[FuncaoCorretora],[FuncaoAdministrador],[FuncaoGestor],[FuncaoLiquidante],[FuncaoCustodiante],[FuncaoDistribuidor],[InfosComplementares])VALUES(227,'GRADUAL CCTVM S.A.',227,227,'','','','','','','','',1,'S','S','N','S','S','N',NULL)
INSERT INTO [dbo].[agentemercado] ([IdAgente],[Nome],[CodigoBovespa],[CodigoBMF],[CNPJ],[Endereco],[Bairro],[Cidade],[UF],[CEP],[Telefone],[Fax],[CorretagemAdicional],[FuncaoCorretora],[FuncaoAdministrador],[FuncaoGestor],[FuncaoLiquidante],[FuncaoCustodiante],[FuncaoDistribuidor],[InfosComplementares])VALUES(228,'UNIBANCO INVESTSHOP CVMC S.A.',228,228,'','','','','','','','',1,'S','S','N','S','S','N',NULL)
INSERT INTO [dbo].[agentemercado] ([IdAgente],[Nome],[CodigoBovespa],[CodigoBMF],[CNPJ],[Endereco],[Bairro],[Cidade],[UF],[CEP],[Telefone],[Fax],[CorretagemAdicional],[FuncaoCorretora],[FuncaoAdministrador],[FuncaoGestor],[FuncaoLiquidante],[FuncaoCustodiante],[FuncaoDistribuidor],[InfosComplementares])VALUES(229,'QUALITY CCTVM S.A.',229,229,'','','','','','','','',1,'S','S','N','S','S','N',NULL)
INSERT INTO [dbo].[agentemercado] ([IdAgente],[Nome],[CodigoBovespa],[CodigoBMF],[CNPJ],[Endereco],[Bairro],[Cidade],[UF],[CEP],[Telefone],[Fax],[CorretagemAdicional],[FuncaoCorretora],[FuncaoAdministrador],[FuncaoGestor],[FuncaoLiquidante],[FuncaoCustodiante],[FuncaoDistribuidor],[InfosComplementares])VALUES(232,'H.H. PICHIONI S.A. CCVM',232,232,'','','','','','','','',1,'S','S','N','S','S','N',NULL)
INSERT INTO [dbo].[agentemercado] ([IdAgente],[Nome],[CodigoBovespa],[CodigoBMF],[CNPJ],[Endereco],[Bairro],[Cidade],[UF],[CEP],[Telefone],[Fax],[CorretagemAdicional],[FuncaoCorretora],[FuncaoAdministrador],[FuncaoGestor],[FuncaoLiquidante],[FuncaoCustodiante],[FuncaoDistribuidor],[InfosComplementares])VALUES(234,'CODEPE CV S.A.',234,234,'','','','','','','','',1,'S','S','N','S','S','N',NULL)
INSERT INTO [dbo].[agentemercado] ([IdAgente],[Nome],[CodigoBovespa],[CodigoBMF],[CNPJ],[Endereco],[Bairro],[Cidade],[UF],[CEP],[Telefone],[Fax],[CorretagemAdicional],[FuncaoCorretora],[FuncaoAdministrador],[FuncaoGestor],[FuncaoLiquidante],[FuncaoCustodiante],[FuncaoDistribuidor],[InfosComplementares])VALUES(237,'OLIVEIRA FRANCO SCVC LTDA.',237,237,'','','','','','','','',1,'S','S','N','S','S','N',NULL)
INSERT INTO [dbo].[agentemercado] ([IdAgente],[Nome],[CodigoBovespa],[CodigoBMF],[CNPJ],[Endereco],[Bairro],[Cidade],[UF],[CEP],[Telefone],[Fax],[CorretagemAdicional],[FuncaoCorretora],[FuncaoAdministrador],[FuncaoGestor],[FuncaoLiquidante],[FuncaoCustodiante],[FuncaoDistribuidor],[InfosComplementares])VALUES(239,'INTERFLAT HZ CCTVM LTDA.',239,239,'','','','','','','','',1,'S','S','N','S','S','N',NULL)
INSERT INTO [dbo].[agentemercado] ([IdAgente],[Nome],[CodigoBovespa],[CodigoBMF],[CNPJ],[Endereco],[Bairro],[Cidade],[UF],[CEP],[Telefone],[Fax],[CorretagemAdicional],[FuncaoCorretora],[FuncaoAdministrador],[FuncaoGestor],[FuncaoLiquidante],[FuncaoCustodiante],[FuncaoDistribuidor],[InfosComplementares])VALUES(736,'PAX CVC LTDA.',736,736,'','','','','','','','',1,'S','S','N','S','S','N',NULL)
INSERT INTO [dbo].[agentemercado] ([IdAgente],[Nome],[CodigoBovespa],[CodigoBMF],[CNPJ],[Endereco],[Bairro],[Cidade],[UF],[CEP],[Telefone],[Fax],[CorretagemAdicional],[FuncaoCorretora],[FuncaoAdministrador],[FuncaoGestor],[FuncaoLiquidante],[FuncaoCustodiante],[FuncaoDistribuidor],[InfosComplementares])VALUES(9999,'Padrão',9999,9999,'','','','','','','','',1,'S','S','S','S','S','S',NULL)
set identity_insert [dbo].agentemercado off
go

set identity_insert [dbo].Estrategia on
insert into [dbo].Estrategia (IdEstrategia, Descricao) values (1, 'Ações')
insert into [dbo].Estrategia (IdEstrategia, Descricao) values (2, 'Renda Fixa')
insert into [dbo].Estrategia (IdEstrategia, Descricao) values (3, 'DI')
insert into [dbo].Estrategia (IdEstrategia, Descricao) values (4, 'Multimercado')
insert into [dbo].Estrategia (IdEstrategia, Descricao) values (5, 'Cambial')
insert into [dbo].Estrategia (IdEstrategia, Descricao) values (6, 'Offshore')
insert into [dbo].Estrategia (IdEstrategia, Descricao) values (7, 'Capital Protegido')
insert into [dbo].Estrategia (IdEstrategia, Descricao) values (8, 'Imobiliário')
insert into [dbo].Estrategia (IdEstrategia, Descricao) values (9, 'FIP')
insert into [dbo].Estrategia (IdEstrategia, Descricao) values (10, 'Long Short')
insert into [dbo].Estrategia (IdEstrategia, Descricao) values (11, 'Previdência')
insert into [dbo].Estrategia (IdEstrategia, Descricao) values (12, 'FIDC')
set identity_insert [dbo].Estrategia off
go

insert into [dbo].tipocarteirabolsa values (21016, 'Livre')
insert into [dbo].tipocarteirabolsa values (23019, 'Garantias Gerais')
insert into [dbo].tipocarteirabolsa values (23906, 'Garantia BMF')
insert into [dbo].tipocarteirabolsa values (25018, 'Termos Flexiveis')
insert into [dbo].tipocarteirabolsa values (27014, 'Cobertura Opções')
insert into [dbo].tipocarteirabolsa values (22012, 'BTC Tomado')
insert into [dbo].tipocarteirabolsa values (28010, 'BTC Doado')
insert into [dbo].tipocarteirabolsa values (21059, 'Conta Margem')
go

set identity_insert [dbo].EnquadraGrupo on
insert into [dbo].EnquadraGrupo (IdGrupo, Descricao) values (1, 'PL D0')
insert into [dbo].EnquadraGrupo (IdGrupo, Descricao) values (2, 'PL D-1')
set identity_insert [dbo].EnquadraGrupo off
go

--TABELAS DE PESSOA, CLIENTE, CARTEIRA
INSERT INTO [dbo].[tipocliente] ([IdTipo],[Descricao])VALUES(1,'Pessoa Fisica')
INSERT INTO [dbo].[tipocliente] ([IdTipo],[Descricao])VALUES(10,'Pessoa Juridica')
INSERT INTO [dbo].[tipocliente] ([IdTipo],[Descricao])VALUES(100,'Carteira Propria')
INSERT INTO [dbo].[tipocliente] ([IdTipo],[Descricao])VALUES(200,'Clubes de Investimentos')
INSERT INTO [dbo].[tipocliente] ([IdTipo],[Descricao])VALUES(300,'CTVM')
INSERT INTO [dbo].[tipocliente] ([IdTipo],[Descricao])VALUES(310,'DTVM')
INSERT INTO [dbo].[tipocliente] ([IdTipo],[Descricao])VALUES(320,'Bancos')
INSERT INTO [dbo].[tipocliente] ([IdTipo],[Descricao])VALUES(500,'Fundos de Investimentos')
INSERT INTO [dbo].[tipocliente] ([IdTipo],[Descricao])VALUES(510,'FIDC')
INSERT INTO [dbo].[tipocliente] ([IdTipo],[Descricao])VALUES(800,'Investidor Estrangeiro (2689)')

go
set identity_insert [dbo].ListaCategoriaFundo on
INSERT INTO [dbo].[ListaCategoriaFundo] ([IdLista],[Descricao])VALUES(100,'Outros')
INSERT INTO [dbo].[ListaCategoriaFundo] ([IdLista],[Descricao])VALUES(110,'Ambima')
set identity_insert [dbo].ListaCategoriaFundo off
go

set identity_insert [dbo].CategoriaFundo on
INSERT INTO [dbo].[CategoriaFundo] ([IdCategoria],[Descricao],[IdLista])VALUES(1,'Carteira Administrada',110)
INSERT INTO [dbo].[CategoriaFundo] ([IdCategoria],[Descricao],[IdLista])VALUES(10,'Clube de Investimento',110)
INSERT INTO [dbo].[CategoriaFundo] ([IdCategoria],[Descricao],[IdLista])VALUES(31, 'Investimento no Exterior', 110)
INSERT INTO [dbo].[CategoriaFundo] ([IdCategoria],[Descricao],[IdLista])VALUES(92, 'Off Shore Renda Fixa', 110)
INSERT INTO [dbo].[CategoriaFundo] ([IdCategoria],[Descricao],[IdLista])VALUES(93, 'Off  Shore Renda Mista', 110)
INSERT INTO [dbo].[CategoriaFundo] ([IdCategoria],[Descricao],[IdLista])VALUES(94, 'Off Shore Renda Variável', 110)
INSERT INTO [dbo].[CategoriaFundo] ([IdCategoria],[Descricao],[IdLista])VALUES(197, 'Ações IBOVESPA Ativo', 110)
INSERT INTO [dbo].[CategoriaFundo] ([IdCategoria],[Descricao],[IdLista])VALUES(199, 'Ações IBrX Ativo', 110)
INSERT INTO [dbo].[CategoriaFundo] ([IdCategoria],[Descricao],[IdLista])VALUES(200, 'Fundos Fechados de Ações', 110)
INSERT INTO [dbo].[CategoriaFundo] ([IdCategoria],[Descricao],[IdLista])VALUES(201, 'Ações IBOVESPA Indexado', 110)
INSERT INTO [dbo].[CategoriaFundo] ([IdCategoria],[Descricao],[IdLista])VALUES(202, 'Ações IBrX Indexado', 110)
INSERT INTO [dbo].[CategoriaFundo] ([IdCategoria],[Descricao],[IdLista])VALUES(204, 'Ações Livre', 110)
INSERT INTO [dbo].[CategoriaFundo] ([IdCategoria],[Descricao],[IdLista])VALUES(207, 'Balanceados', 110)
INSERT INTO [dbo].[CategoriaFundo] ([IdCategoria],[Descricao],[IdLista])VALUES(208, 'Capital Protegido', 110)
INSERT INTO [dbo].[CategoriaFundo] ([IdCategoria],[Descricao],[IdLista])VALUES(211, 'Multimercados Com RV', 110)
INSERT INTO [dbo].[CategoriaFundo] ([IdCategoria],[Descricao],[IdLista])VALUES(222, 'Previdência Renda Fixa', 110)
INSERT INTO [dbo].[CategoriaFundo] ([IdCategoria],[Descricao],[IdLista])VALUES(227, 'Referenciado DI', 110)
INSERT INTO [dbo].[CategoriaFundo] ([IdCategoria],[Descricao],[IdLista])VALUES(229, 'Renda Fixa', 110)
INSERT INTO [dbo].[CategoriaFundo] ([IdCategoria],[Descricao],[IdLista])VALUES(231, 'Renda Fixa Crédito Livre', 110)
INSERT INTO [dbo].[CategoriaFundo] ([IdCategoria],[Descricao],[IdLista])VALUES(232, 'Renda Fixa Multi-Índices ', 110)
INSERT INTO [dbo].[CategoriaFundo] ([IdCategoria],[Descricao],[IdLista])VALUES(258, 'Fundos de Investimento Imobiliário', 110)
INSERT INTO [dbo].[CategoriaFundo] ([IdCategoria],[Descricao],[IdLista])VALUES(272, 'Curto Prazo', 110)
INSERT INTO [dbo].[CategoriaFundo] ([IdCategoria],[Descricao],[IdLista])VALUES(279, 'Fundos de Índices - ETF', 110)
INSERT INTO [dbo].[CategoriaFundo] ([IdCategoria],[Descricao],[IdLista])VALUES(320, 'Ações Setoriais', 110)
INSERT INTO [dbo].[CategoriaFundo] ([IdCategoria],[Descricao],[IdLista])VALUES(321, 'Ações Small Caps', 110)
INSERT INTO [dbo].[CategoriaFundo] ([IdCategoria],[Descricao],[IdLista])VALUES(322, 'Ações Dividendos', 110)
INSERT INTO [dbo].[CategoriaFundo] ([IdCategoria],[Descricao],[IdLista])VALUES(323, 'Ações Sustentabilidade/Governança', 110)
INSERT INTO [dbo].[CategoriaFundo] ([IdCategoria],[Descricao],[IdLista])VALUES(324, 'Fundos de Participações', 110)
INSERT INTO [dbo].[CategoriaFundo] ([IdCategoria],[Descricao],[IdLista])VALUES(326, 'Exclusivo Fechado', 110)
INSERT INTO [dbo].[CategoriaFundo] ([IdCategoria],[Descricao],[IdLista])VALUES(327, 'Long And Short - Neutro', 110)
INSERT INTO [dbo].[CategoriaFundo] ([IdCategoria],[Descricao],[IdLista])VALUES(328, 'Long And Short - Direcional', 110)
INSERT INTO [dbo].[CategoriaFundo] ([IdCategoria],[Descricao],[IdLista])VALUES(329, 'Multimercados Macro', 110)
INSERT INTO [dbo].[CategoriaFundo] ([IdCategoria],[Descricao],[IdLista])VALUES(330, 'Multimercados Trading', 110)
INSERT INTO [dbo].[CategoriaFundo] ([IdCategoria],[Descricao],[IdLista])VALUES(331, 'Multimercados Multiestrategia', 110)
INSERT INTO [dbo].[CategoriaFundo] ([IdCategoria],[Descricao],[IdLista])VALUES(332, 'Multimercados Multigestor', 110)
INSERT INTO [dbo].[CategoriaFundo] ([IdCategoria],[Descricao],[IdLista])VALUES(333, 'Multimercados Juros e Moedas', 110)
INSERT INTO [dbo].[CategoriaFundo] ([IdCategoria],[Descricao],[IdLista])VALUES(334, 'Multimercados Estrategia Especifica', 110)
INSERT INTO [dbo].[CategoriaFundo] ([IdCategoria],[Descricao],[IdLista])VALUES(335, 'Renda Fixa Índices', 110)
INSERT INTO [dbo].[CategoriaFundo] ([IdCategoria],[Descricao],[IdLista])VALUES(337, 'Ações FMP - FGTS', 110)
INSERT INTO [dbo].[CategoriaFundo] ([IdCategoria],[Descricao],[IdLista])VALUES(338, 'Cambial', 110)
INSERT INTO [dbo].[CategoriaFundo] ([IdCategoria],[Descricao],[IdLista])VALUES(339, 'Previdência Balanceados Até 15', 110)
INSERT INTO [dbo].[CategoriaFundo] ([IdCategoria],[Descricao],[IdLista])VALUES(340, 'Previdência Balanceados 15 a 30', 110)
INSERT INTO [dbo].[CategoriaFundo] ([IdCategoria],[Descricao],[IdLista])VALUES(341, 'Previdência Balanceados acima de 30', 110)
INSERT INTO [dbo].[CategoriaFundo] ([IdCategoria],[Descricao],[IdLista])VALUES(342, 'Previdência Data Alvo', 110)
INSERT INTO [dbo].[CategoriaFundo] ([IdCategoria],[Descricao],[IdLista])VALUES(343, 'Previdência Multimercados', 110)
INSERT INTO [dbo].[CategoriaFundo] ([IdCategoria],[Descricao],[IdLista])VALUES(344, 'Previdência Ações', 110)
INSERT INTO [dbo].[CategoriaFundo] ([IdCategoria],[Descricao],[IdLista])VALUES(345, 'FIDC Fomento Mercantil', 110)
INSERT INTO [dbo].[CategoriaFundo] ([IdCategoria],[Descricao],[IdLista])VALUES(346, 'FIDC Financeiro', 110)
INSERT INTO [dbo].[CategoriaFundo] ([IdCategoria],[Descricao],[IdLista])VALUES(347, 'FIDC Agro Indústria e Comércio', 110)
INSERT INTO [dbo].[CategoriaFundo] ([IdCategoria],[Descricao],[IdLista])VALUES(348, 'FIDC Outros', 110)
INSERT INTO [dbo].[CategoriaFundo] ([IdCategoria],[Descricao],[IdLista])VALUES(1000, 'CBLC Curto Prazo', 100)
INSERT INTO [dbo].[CategoriaFundo] ([IdCategoria],[Descricao],[IdLista])VALUES(1001, 'CBLC Renda Fixa', 100)
INSERT INTO [dbo].[CategoriaFundo] ([IdCategoria],[Descricao],[IdLista])VALUES(1002, 'CBLC Referenciado', 100)
set identity_insert [dbo].CategoriaFundo off
go

set identity_insert [dbo].SubCategoriaFundo on
INSERT INTO [dbo].[SubCategoriaFundo] ([IdCategoria],[IdSubCategoria],[Descricao])VALUES(1,1, 'Carteira Administrada')
INSERT INTO [dbo].[SubCategoriaFundo] ([IdCategoria],[IdSubCategoria],[Descricao])VALUES(10,10, 'Clube de Investimento')
INSERT INTO [dbo].[SubCategoriaFundo] ([IdCategoria],[IdSubCategoria],[Descricao])VALUES(31,31, 'Investimento no Exterior')
INSERT INTO [dbo].[SubCategoriaFundo] ([IdCategoria],[IdSubCategoria],[Descricao])VALUES(92,92, 'Off Shore Renda Fixa')
INSERT INTO [dbo].[SubCategoriaFundo] ([IdCategoria],[IdSubCategoria],[Descricao])VALUES(93,93, 'Off  Shore Renda Mista')
INSERT INTO [dbo].[SubCategoriaFundo] ([IdCategoria],[IdSubCategoria],[Descricao])VALUES(94,94, 'Off Shore Renda Variável')
INSERT INTO [dbo].[SubCategoriaFundo] ([IdCategoria],[IdSubCategoria],[Descricao])VALUES(197,197, 'Ações IBOVESPA Ativo')
INSERT INTO [dbo].[SubCategoriaFundo] ([IdCategoria],[IdSubCategoria],[Descricao])VALUES(199,199, 'Ações IBrX Ativo')
INSERT INTO [dbo].[SubCategoriaFundo] ([IdCategoria],[IdSubCategoria],[Descricao])VALUES(200,200, 'Fundos Fechados de Ações')
INSERT INTO [dbo].[SubCategoriaFundo] ([IdCategoria],[IdSubCategoria],[Descricao])VALUES(201,201, 'Ações IBOVESPA Indexado')
INSERT INTO [dbo].[SubCategoriaFundo] ([IdCategoria],[IdSubCategoria],[Descricao])VALUES(202,202, 'Ações IBrX Indexado')
INSERT INTO [dbo].[SubCategoriaFundo] ([IdCategoria],[IdSubCategoria],[Descricao])VALUES(204,204, 'Ações Livre')
INSERT INTO [dbo].[SubCategoriaFundo] ([IdCategoria],[IdSubCategoria],[Descricao])VALUES(207,207, 'Balanceados')
INSERT INTO [dbo].[SubCategoriaFundo] ([IdCategoria],[IdSubCategoria],[Descricao])VALUES(208,208, 'Capital Protegido')
INSERT INTO [dbo].[SubCategoriaFundo] ([IdCategoria],[IdSubCategoria],[Descricao])VALUES(211,211, 'Multimercados Com RV')
INSERT INTO [dbo].[SubCategoriaFundo] ([IdCategoria],[IdSubCategoria],[Descricao])VALUES(222,222, 'Previdência Renda Fixa')
INSERT INTO [dbo].[SubCategoriaFundo] ([IdCategoria],[IdSubCategoria],[Descricao])VALUES(227,227, 'Referenciado DI')
INSERT INTO [dbo].[SubCategoriaFundo] ([IdCategoria],[IdSubCategoria],[Descricao])VALUES(229,229, 'Renda Fixa')
INSERT INTO [dbo].[SubCategoriaFundo] ([IdCategoria],[IdSubCategoria],[Descricao])VALUES(231,231, 'Renda Fixa Crédito Livre')
INSERT INTO [dbo].[SubCategoriaFundo] ([IdCategoria],[IdSubCategoria],[Descricao])VALUES(258,258, 'Fundos de Investimento Imobiliário')
INSERT INTO [dbo].[SubCategoriaFundo] ([IdCategoria],[IdSubCategoria],[Descricao])VALUES(272,272, 'Curto Prazo')
INSERT INTO [dbo].[SubCategoriaFundo] ([IdCategoria],[IdSubCategoria],[Descricao])VALUES(279,279, 'Fundos de Índices - ETF')
INSERT INTO [dbo].[SubCategoriaFundo] ([IdCategoria],[IdSubCategoria],[Descricao])VALUES(320,320, 'Ações Setoriais')
INSERT INTO [dbo].[SubCategoriaFundo] ([IdCategoria],[IdSubCategoria],[Descricao])VALUES(321,321, 'Ações Small Caps')
INSERT INTO [dbo].[SubCategoriaFundo] ([IdCategoria],[IdSubCategoria],[Descricao])VALUES(322,322, 'Ações Dividendos')
INSERT INTO [dbo].[SubCategoriaFundo] ([IdCategoria],[IdSubCategoria],[Descricao])VALUES(323,323, 'Ações Sustentabilidade/Governança')
INSERT INTO [dbo].[SubCategoriaFundo] ([IdCategoria],[IdSubCategoria],[Descricao])VALUES(324,324, 'Fundos de Participações')
INSERT INTO [dbo].[SubCategoriaFundo] ([IdCategoria],[IdSubCategoria],[Descricao])VALUES(326,326, 'Exclusivo Fechado')
INSERT INTO [dbo].[SubCategoriaFundo] ([IdCategoria],[IdSubCategoria],[Descricao])VALUES(327,327, 'Long And Short - Neutro')
INSERT INTO [dbo].[SubCategoriaFundo] ([IdCategoria],[IdSubCategoria],[Descricao])VALUES(328,328, 'Long And Short - Direcional')
INSERT INTO [dbo].[SubCategoriaFundo] ([IdCategoria],[IdSubCategoria],[Descricao])VALUES(329,329, 'Multimercados Macro')
INSERT INTO [dbo].[SubCategoriaFundo] ([IdCategoria],[IdSubCategoria],[Descricao])VALUES(330,330, 'Multimercados Trading')
INSERT INTO [dbo].[SubCategoriaFundo] ([IdCategoria],[IdSubCategoria],[Descricao])VALUES(331,331, 'Multimercados Multiestrategia')
INSERT INTO [dbo].[SubCategoriaFundo] ([IdCategoria],[IdSubCategoria],[Descricao])VALUES(332,332, 'Multimercados Multigestor')
INSERT INTO [dbo].[SubCategoriaFundo] ([IdCategoria],[IdSubCategoria],[Descricao])VALUES(333,333, 'Multimercados Juros e Moedas')
INSERT INTO [dbo].[SubCategoriaFundo] ([IdCategoria],[IdSubCategoria],[Descricao])VALUES(334,334, 'Multimercados Estrategia Especifica')
INSERT INTO [dbo].[SubCategoriaFundo] ([IdCategoria],[IdSubCategoria],[Descricao])VALUES(335,335, 'Renda Fixa Índices')
INSERT INTO [dbo].[SubCategoriaFundo] ([IdCategoria],[IdSubCategoria],[Descricao])VALUES(337,337, 'Ações FMP - FGTS')
INSERT INTO [dbo].[SubCategoriaFundo] ([IdCategoria],[IdSubCategoria],[Descricao])VALUES(338,338, 'Cambial')
INSERT INTO [dbo].[SubCategoriaFundo] ([IdCategoria],[IdSubCategoria],[Descricao])VALUES(339,339, 'Previdência Balanceados Até 15')
INSERT INTO [dbo].[SubCategoriaFundo] ([IdCategoria],[IdSubCategoria],[Descricao])VALUES(340,340, 'Previdência Balanceados 15 a 30')
INSERT INTO [dbo].[SubCategoriaFundo] ([IdCategoria],[IdSubCategoria],[Descricao])VALUES(341,341, 'Previdência Balanceados acima de 30')
INSERT INTO [dbo].[SubCategoriaFundo] ([IdCategoria],[IdSubCategoria],[Descricao])VALUES(342,342, 'Previdência Data Alvo')
INSERT INTO [dbo].[SubCategoriaFundo] ([IdCategoria],[IdSubCategoria],[Descricao])VALUES(343,343, 'Previdência Multimercados')
INSERT INTO [dbo].[SubCategoriaFundo] ([IdCategoria],[IdSubCategoria],[Descricao])VALUES(344,334, 'Previdência Ações')
INSERT INTO [dbo].[SubCategoriaFundo] ([IdCategoria],[IdSubCategoria],[Descricao])VALUES(345,345, 'FIDC Fomento Mercantil')
INSERT INTO [dbo].[SubCategoriaFundo] ([IdCategoria],[IdSubCategoria],[Descricao])VALUES(346,346, 'FIDC Financeiro')
INSERT INTO [dbo].[SubCategoriaFundo] ([IdCategoria],[IdSubCategoria],[Descricao])VALUES(347,347, 'FIDC Agro Indústria e Comércio')
INSERT INTO [dbo].[SubCategoriaFundo] ([IdCategoria],[IdSubCategoria],[Descricao])VALUES(348,348, 'FIDC Outros')
set identity_insert [dbo].SubCategoriaFundo off
go

INSERT INTO [dbo].[Pessoa] ([IdPessoa],[Nome],[Apelido],[Tipo],[DataCadatro],[DataUltimaAlteracao],[Cpfcnpj])VALUES(7777,'Carteira de Investimentos (Template)','Carteira de Investimentos (Template)',1,'Oct  3 2010  4:26:01:337PM','Oct  3 2010  4:26:01:337PM','')

INSERT INTO [dbo].[Cliente] ([IdCliente],[Nome],[Apelido],[IdTipo],[StatusAtivo],[Status],[DataDia],[DataInicio],[DataImplantacao],[ApuraGanhoRV],[TipoControle],[IsentoIR],[IsentoIOF],[IdMoeda],[IdGrupoProcessamento],[IsProcessando],[BookEmail],[BookAssunto],[BookMensagem],[StatusRealTime],[CalculaRealTime],[CalculaGerencial],[CodigoMae],[CalculaContabil],[IdPlano],[ContabilAcoes],[ContabilFundos], [ZeraCaixa], [DescontaTributoPL], [GrossUP])
VALUES (7777,'Carteira de Investimentos (Template)','Carteira de Investimentos (Template)',1,2,1,'Oct  3 2010 12:00:00:000AM','Oct  3 2010 12:00:00:000AM','Oct  3 2010 12:00:00:000AM','N',5,'S','S',1,3,'N',NULL,NULL,NULL,1,'N','N','',NULL,NULL,NULL,NULL, 'N', 3, 1)

INSERT INTO [dbo].[ClienteBolsa] ([IdCliente],[TipoCotacao],[CodigoSinacor],[CodigoSinacor2],[IdAssessor],[TipoCusto],[IsentoIR],[IdCustodianteAcoes],[IdCustodianteOpcoes])VALUES(7777,2,'7777','',NULL,1,'N',NULL,NULL)
INSERT INTO [dbo].[ClienteBMF] ([IdCliente],[Socio],[InvestidorInstitucional],[TipoCotacao],[CodigoSinacor],[IdAssessor],[TipoPlataforma])VALUES(7777,'N','N',2,'7777',NULL,1)
INSERT INTO [dbo].[ClienteRendaFixa] ([IdCliente],[UsaCustoMedio],[IsentoIR],[IsentoIOF])VALUES(7777,'N','N','N')

delete from [dbo].contacorrente
go

set identity_insert [dbo].contacorrente on
insert into [dbo].contacorrente (idconta, idbanco, idagencia, idpessoa, numero, tipoconta, contadefault, idmoeda) values (1, null, null, 7777, '7777', 1, 'S', 1)
set identity_insert [dbo].contacorrente off
go

INSERT INTO [dbo].[Carteira] ([IdCarteira],[Nome],[Apelido],[TipoCota],[TipoCarteira],[StatusAtivo],[IdIndiceBenchmark],[CasasDecimaisCota],[CasasDecimaisQuantidade],[TruncaCota],[TruncaQuantidade],[TruncaFinanceiro],[CotaInicial],[ValorMinimoAplicacao],[ValorMinimoResgate],[ValorMinimoSaldo],[ValorMaximoAplicacao],[ValorMinimoInicial],[TipoRentabilidade],[TipoCusto],[DiasCotizacaoAplicacao],[DiasCotizacaoResgate],[DiasLiquidacaoAplicacao],[DiasLiquidacaoResgate],[TipoTributacao],[CalculaIOF],[DiasAniversario],[TipoAniversario],[HorarioInicio],[HorarioFim],[HorarioLimiteCotizacao],[IdCategoria],[IdSubCategoria],[IdAgenteAdministrador],[IdAgenteGestor],[CobraTaxaFiscalizacaoCVM],[TipoCVM],[DataInicioCota],[CalculaEnquadra],[ContagemDiasConversaoResgate],[ProjecaoIRCotista],[PublicoAlvo],[Objetivo],[IdAgenteCustodiante],[TextoLivre1],[TextoLivre2],[TextoLivre3],[TextoLivre4],[TipoVisaoFundo],[DistribuicaoDividendo],[ContagemPrazoIOF], [PrioridadeOperacao],[CompensacaoPrejuizo], [TipoCalculoRetorno])
VALUES(7777,'Carteira de Investimentos (Template)','Carteira de Investimentos (Template)',2,2,2,1,8,8,'N','N','N',1.000000000000,0.00,0.00,0.00,0.00,0.00,2,1,0,0,0,0,3,'N',0,0,NULL,NULL,NULL,1,1,9999,9999,'N',NULL,'Oct  3 2010 12:00:00:000AM','N',1,1,NULL,NULL,NULL,NULL,NULL,NULL,NULL,1,1,1,1,1,1)

delete from [dbo].listabenchmark
go

insert into [dbo].listabenchmark values (1, 7777)
insert into [dbo].listabenchmark values (21, 7777)
insert into [dbo].listabenchmark values (70, 7777)

delete from [dbo].templatecarteira
go

insert into [dbo].templatecarteira values (7777, 'Carteira de Investimentos')

update [dbo].Carteira set IdEstrategia = 1 where tipocarteira = 2

go
--TABELAS DE CUSTOS E CORRETAGEM
set identity_insert [dbo].templatecorretagembolsa on
INSERT INTO [dbo].[templatecorretagembolsa] ([IdTemplate],[Descricao],[TipoCorretagem],[ValorFixoOperacao],[Teto],[PercentualDesconto])
	VALUES(1,'Tabela Padrão Bovespa',2,NULL,NULL,0.00)
	
set identity_insert [dbo].templatecorretagembolsa off
go

set identity_insert [dbo].tabelacorretagembolsa on
INSERT INTO [dbo].[tabelacorretagembolsa] ([IdTabela],[IdTemplate],[Faixa],[Percentual],[ValorAdicional])VALUES(1,1,0.00,0.00,2.70)
INSERT INTO [dbo].[tabelacorretagembolsa] ([IdTabela],[IdTemplate],[Faixa],[Percentual],[ValorAdicional])VALUES(2,1,135.08,2.00,0.00)
INSERT INTO [dbo].[tabelacorretagembolsa] ([IdTabela],[IdTemplate],[Faixa],[Percentual],[ValorAdicional])VALUES(3,1,498.63,1.50,2.49)
INSERT INTO [dbo].[tabelacorretagembolsa] ([IdTabela],[IdTemplate],[Faixa],[Percentual],[ValorAdicional])VALUES(4,1,1514.70,1.00,10.06)
INSERT INTO [dbo].[tabelacorretagembolsa] ([IdTabela],[IdTemplate],[Faixa],[Percentual],[ValorAdicional])VALUES(5,1,3029.39,0.50,25.21)
set identity_insert [dbo].tabelacorretagembolsa off
go

INSERT INTO [dbo].[tabelacustosbolsa] ([DataReferencia],[IdTabela],[Descricao],[PercentualEmolumentoBolsa],[PercentualRegistroBolsa],[PercentualLiquidacaoCBLC],[PercentualRegistroCBLC],[MinimoBovespa],[MinimoCBLC])VALUES('Jan  1 1900 12:00:00:000AM',1,'MercadoVista_Final',0.0285,0.0000,0.0060,0.0000,NULL,NULL)
INSERT INTO [dbo].[tabelacustosbolsa] ([DataReferencia],[IdTabela],[Descricao],[PercentualEmolumentoBolsa],[PercentualRegistroBolsa],[PercentualLiquidacaoCBLC],[PercentualRegistroCBLC],[MinimoBovespa],[MinimoCBLC])VALUES('Jan  1 1900 12:00:00:000AM',2,'MercadoVista_DayTrade',0.0190,0.0000,0.0060,0.0000,NULL,NULL)
INSERT INTO [dbo].[tabelacustosbolsa] ([DataReferencia],[IdTabela],[Descricao],[PercentualEmolumentoBolsa],[PercentualRegistroBolsa],[PercentualLiquidacaoCBLC],[PercentualRegistroCBLC],[MinimoBovespa],[MinimoCBLC])VALUES('Jan  1 1900 12:00:00:000AM',3,'MercadoVista_CarteiraPropria',0.0190,0.0000,0.0060,0.0000,NULL,NULL)
INSERT INTO [dbo].[tabelacustosbolsa] ([DataReferencia],[IdTabela],[Descricao],[PercentualEmolumentoBolsa],[PercentualRegistroBolsa],[PercentualLiquidacaoCBLC],[PercentualRegistroCBLC],[MinimoBovespa],[MinimoCBLC])VALUES('Jan  1 1900 12:00:00:000AM',4,'MercadoVista_ExercicioOpcaoLancadaOPC',0.0190,0.0000,0.0060,0.0000,NULL,NULL)
INSERT INTO [dbo].[tabelacustosbolsa] ([DataReferencia],[IdTabela],[Descricao],[PercentualEmolumentoBolsa],[PercentualRegistroBolsa],[PercentualLiquidacaoCBLC],[PercentualRegistroCBLC],[MinimoBovespa],[MinimoCBLC])VALUES('Jan  1 1900 12:00:00:000AM',5,'MercadoVista_Fundo',0.0190,0.0000,0.0060,0.0000,NULL,NULL)
INSERT INTO [dbo].[tabelacustosbolsa] ([DataReferencia],[IdTabela],[Descricao],[PercentualEmolumentoBolsa],[PercentualRegistroBolsa],[PercentualLiquidacaoCBLC],[PercentualRegistroCBLC],[MinimoBovespa],[MinimoCBLC])VALUES('Jan  1 1900 12:00:00:000AM',6,'MercadoVista_Clube',0.0190,0.0000,0.0060,0.0000,NULL,NULL)
INSERT INTO [dbo].[tabelacustosbolsa] ([DataReferencia],[IdTabela],[Descricao],[PercentualEmolumentoBolsa],[PercentualRegistroBolsa],[PercentualLiquidacaoCBLC],[PercentualRegistroCBLC],[MinimoBovespa],[MinimoCBLC])VALUES('Jan  1 1900 12:00:00:000AM',7,'MercadoVista_ExercicioOpcaoIndice',0.0270,0.0000,0.0080,0.0000,NULL,NULL)
INSERT INTO [dbo].[tabelacustosbolsa] ([DataReferencia],[IdTabela],[Descricao],[PercentualEmolumentoBolsa],[PercentualRegistroBolsa],[PercentualLiquidacaoCBLC],[PercentualRegistroCBLC],[MinimoBovespa],[MinimoCBLC])VALUES('Jan  1 1900 12:00:00:000AM',15,'Leilao',0.3500,0.0000,0.1500,0.0000,70.00,30.00)
INSERT INTO [dbo].[tabelacustosbolsa] ([DataReferencia],[IdTabela],[Descricao],[PercentualEmolumentoBolsa],[PercentualRegistroBolsa],[PercentualLiquidacaoCBLC],[PercentualRegistroCBLC],[MinimoBovespa],[MinimoCBLC])VALUES('Jan  1 1900 12:00:00:000AM',20,'MercadoTermo',0.0190,0.0120,0.0060,0.0280,NULL,NULL)
INSERT INTO [dbo].[tabelacustosbolsa] ([DataReferencia],[IdTabela],[Descricao],[PercentualEmolumentoBolsa],[PercentualRegistroBolsa],[PercentualLiquidacaoCBLC],[PercentualRegistroCBLC],[MinimoBovespa],[MinimoCBLC])VALUES('Jan  1 1900 12:00:00:000AM',30,'MercadoFuturo_Final',0.0055,0.0032,0.0017,0.0076,NULL,NULL)
INSERT INTO [dbo].[tabelacustosbolsa] ([DataReferencia],[IdTabela],[Descricao],[PercentualEmolumentoBolsa],[PercentualRegistroBolsa],[PercentualLiquidacaoCBLC],[PercentualRegistroCBLC],[MinimoBovespa],[MinimoCBLC])VALUES('Jan  1 1900 12:00:00:000AM',31,'MercadoFuturo_DayTrade',0.0055,0.0006,0.0017,0.0015,NULL,NULL)
INSERT INTO [dbo].[tabelacustosbolsa] ([DataReferencia],[IdTabela],[Descricao],[PercentualEmolumentoBolsa],[PercentualRegistroBolsa],[PercentualLiquidacaoCBLC],[PercentualRegistroCBLC],[MinimoBovespa],[MinimoCBLC])VALUES('Jan  1 1900 12:00:00:000AM',40,'MercadoOpcao_Final',0.0580,0.0000,0.0060,0.0700,NULL,NULL)
INSERT INTO [dbo].[tabelacustosbolsa] ([DataReferencia],[IdTabela],[Descricao],[PercentualEmolumentoBolsa],[PercentualRegistroBolsa],[PercentualLiquidacaoCBLC],[PercentualRegistroCBLC],[MinimoBovespa],[MinimoCBLC])VALUES('Jan  1 1900 12:00:00:000AM',41,'MercadoOpcao_DayTrade',0.0190,0.0060,0.0060,0.0140,NULL,NULL)
INSERT INTO [dbo].[tabelacustosbolsa] ([DataReferencia],[IdTabela],[Descricao],[PercentualEmolumentoBolsa],[PercentualRegistroBolsa],[PercentualLiquidacaoCBLC],[PercentualRegistroCBLC],[MinimoBovespa],[MinimoCBLC])VALUES('Jan  1 1900 12:00:00:000AM',42,'MercadoOpcao_CarteiraPropria',0.0190,0.0000,0.0060,0.0200,NULL,NULL)
INSERT INTO [dbo].[tabelacustosbolsa] ([DataReferencia],[IdTabela],[Descricao],[PercentualEmolumentoBolsa],[PercentualRegistroBolsa],[PercentualLiquidacaoCBLC],[PercentualRegistroCBLC],[MinimoBovespa],[MinimoCBLC])VALUES('Jan  1 1900 12:00:00:000AM',43,'MercadoOpcao_Fundo',0.0190,0.0210,0.0060,0.0490,NULL,NULL)
INSERT INTO [dbo].[tabelacustosbolsa] ([DataReferencia],[IdTabela],[Descricao],[PercentualEmolumentoBolsa],[PercentualRegistroBolsa],[PercentualLiquidacaoCBLC],[PercentualRegistroCBLC],[MinimoBovespa],[MinimoCBLC])VALUES('Jan  1 1900 12:00:00:000AM',44,'MercadoOpcao_Clube',0.0190,0.0210,0.0060,0.0490,NULL,NULL)
INSERT INTO [dbo].[tabelacustosbolsa] ([DataReferencia],[IdTabela],[Descricao],[PercentualEmolumentoBolsa],[PercentualRegistroBolsa],[PercentualLiquidacaoCBLC],[PercentualRegistroCBLC],[MinimoBovespa],[MinimoCBLC])VALUES('Jan  1 1900 12:00:00:000AM',50,'MercadoOpcaoIndice_Final',0.0270,0.0050,0.0080,0.0450,NULL,NULL)
INSERT INTO [dbo].[tabelacustosbolsa] ([DataReferencia],[IdTabela],[Descricao],[PercentualEmolumentoBolsa],[PercentualRegistroBolsa],[PercentualLiquidacaoCBLC],[PercentualRegistroCBLC],[MinimoBovespa],[MinimoCBLC])VALUES('Jan  1 1900 12:00:00:000AM',51,'MercadoOpcaoIndice_DayTrade',0.0190,0.0060,0.0060,0.0140,NULL,NULL)
INSERT INTO [dbo].[tabelacustosbolsa] ([DataReferencia],[IdTabela],[Descricao],[PercentualEmolumentoBolsa],[PercentualRegistroBolsa],[PercentualLiquidacaoCBLC],[PercentualRegistroCBLC],[MinimoBovespa],[MinimoCBLC])VALUES('Jan  1 1900 12:00:00:000AM',52,'MercadoOpcaoIndice_CarteiraPropria',0.0190,0.0000,0.0060,0.0200,NULL,NULL)
INSERT INTO [dbo].[tabelacustosbolsa] ([DataReferencia],[IdTabela],[Descricao],[PercentualEmolumentoBolsa],[PercentualRegistroBolsa],[PercentualLiquidacaoCBLC],[PercentualRegistroCBLC],[MinimoBovespa],[MinimoCBLC])VALUES('Jan  1 1900 12:00:00:000AM',53,'MercadoOpcaoIndice_Fundo',0.0190,0.0050,0.0060,0.0300,NULL,NULL)
INSERT INTO [dbo].[tabelacustosbolsa] ([DataReferencia],[IdTabela],[Descricao],[PercentualEmolumentoBolsa],[PercentualRegistroBolsa],[PercentualLiquidacaoCBLC],[PercentualRegistroCBLC],[MinimoBovespa],[MinimoCBLC])VALUES('Jan  1 1900 12:00:00:000AM',54,'MercadoOpcaoIndice_Clube',0.0190,0.0050,0.0060,0.0300,NULL,NULL)
INSERT INTO [dbo].[tabelacustosbolsa] ([DataReferencia],[IdTabela],[Descricao],[PercentualEmolumentoBolsa],[PercentualRegistroBolsa],[PercentualLiquidacaoCBLC],[PercentualRegistroCBLC],[MinimoBovespa],[MinimoCBLC])VALUES('Jan  1 1900 12:00:00:000AM',60,'Box_Final',0.0270,0.0015,0.0080,0.0035,NULL,NULL)
INSERT INTO [dbo].[tabelacustosbolsa] ([DataReferencia],[IdTabela],[Descricao],[PercentualEmolumentoBolsa],[PercentualRegistroBolsa],[PercentualLiquidacaoCBLC],[PercentualRegistroCBLC],[MinimoBovespa],[MinimoCBLC])VALUES('Jan  1 1900 12:00:00:000AM',61,'Box_CarteiraPropria',0.0190,0.0015,0.0060,0.0035,NULL,NULL)
INSERT INTO [dbo].[tabelacustosbolsa] ([DataReferencia],[IdTabela],[Descricao],[PercentualEmolumentoBolsa],[PercentualRegistroBolsa],[PercentualLiquidacaoCBLC],[PercentualRegistroCBLC],[MinimoBovespa],[MinimoCBLC])VALUES('Jan  1 1900 12:00:00:000AM',62,'Box_Fundo',0.0190,0.0015,0.0060,0.0035,NULL,NULL)
INSERT INTO [dbo].[tabelacustosbolsa] ([DataReferencia],[IdTabela],[Descricao],[PercentualEmolumentoBolsa],[PercentualRegistroBolsa],[PercentualLiquidacaoCBLC],[PercentualRegistroCBLC],[MinimoBovespa],[MinimoCBLC])VALUES('Jan  1 1900 12:00:00:000AM',63,'Box_Clube',0.0190,0.0015,0.0060,0.0035,NULL,NULL)
INSERT INTO [dbo].[tabelacustosbolsa] ([DataReferencia],[IdTabela],[Descricao],[PercentualEmolumentoBolsa],[PercentualRegistroBolsa],[PercentualLiquidacaoCBLC],[PercentualRegistroCBLC],[MinimoBovespa],[MinimoCBLC])VALUES('Jan  1 1900 12:00:00:000AM',70,'Soma (Balcão)',0.068,0.0000,0.006,0.0000,NULL,NULL)
INSERT INTO [dbo].[tabelacustosbolsa] ([DataReferencia],[IdTabela],[Descricao],[PercentualEmolumentoBolsa],[PercentualRegistroBolsa],[PercentualLiquidacaoCBLC],[PercentualRegistroCBLC],[MinimoBovespa],[MinimoCBLC])VALUES('Jan  1 1900 12:00:00:000AM',100,'EmprestimoBolsa_Voluntario',0.0190,0.0060,0.2500,0.0000,NULL,10.00)
INSERT INTO [dbo].[tabelacustosbolsa] ([DataReferencia],[IdTabela],[Descricao],[PercentualEmolumentoBolsa],[PercentualRegistroBolsa],[PercentualLiquidacaoCBLC],[PercentualRegistroCBLC],[MinimoBovespa],[MinimoCBLC])VALUES('Jan  1 1900 12:00:00:000AM',101,'EmprestimoBolsa_Compulsorio',0.0190,0.0060,0.5000,0.0000,NULL,NULL)

INSERT INTO [dbo].[classebmf] ([CdAtivoBMF])VALUES('A18')
INSERT INTO [dbo].[classebmf] ([CdAtivoBMF])VALUES('AL2')
INSERT INTO [dbo].[classebmf] ([CdAtivoBMF])VALUES('ALA')
INSERT INTO [dbo].[classebmf] ([CdAtivoBMF])VALUES('AUD')
INSERT INTO [dbo].[classebmf] ([CdAtivoBMF])VALUES('B09')
INSERT INTO [dbo].[classebmf] ([CdAtivoBMF])VALUES('B10')
INSERT INTO [dbo].[classebmf] ([CdAtivoBMF])VALUES('B11')
INSERT INTO [dbo].[classebmf] ([CdAtivoBMF])VALUES('B12')
INSERT INTO [dbo].[classebmf] ([CdAtivoBMF])VALUES('B13')
INSERT INTO [dbo].[classebmf] ([CdAtivoBMF])VALUES('B14')
INSERT INTO [dbo].[classebmf] ([CdAtivoBMF])VALUES('B15')
INSERT INTO [dbo].[classebmf] ([CdAtivoBMF])VALUES('B19')
INSERT INTO [dbo].[classebmf] ([CdAtivoBMF])VALUES('B20')
INSERT INTO [dbo].[classebmf] ([CdAtivoBMF])VALUES('B24')
INSERT INTO [dbo].[classebmf] ([CdAtivoBMF])VALUES('B25')
INSERT INTO [dbo].[classebmf] ([CdAtivoBMF])VALUES('B27')
INSERT INTO [dbo].[classebmf] ([CdAtivoBMF])VALUES('B30')
INSERT INTO [dbo].[classebmf] ([CdAtivoBMF])VALUES('B34')
INSERT INTO [dbo].[classebmf] ([CdAtivoBMF])VALUES('B37')
INSERT INTO [dbo].[classebmf] ([CdAtivoBMF])VALUES('B40')
INSERT INTO [dbo].[classebmf] ([CdAtivoBMF])VALUES('BC5')
INSERT INTO [dbo].[classebmf] ([CdAtivoBMF])VALUES('BCB')
INSERT INTO [dbo].[classebmf] ([CdAtivoBMF])VALUES('BEI')
INSERT INTO [dbo].[classebmf] ([CdAtivoBMF])VALUES('BG2')
INSERT INTO [dbo].[classebmf] ([CdAtivoBMF])VALUES('BGI')
INSERT INTO [dbo].[classebmf] ([CdAtivoBMF])VALUES('BR1')
INSERT INTO [dbo].[classebmf] ([CdAtivoBMF])VALUES('BRI')
INSERT INTO [dbo].[classebmf] ([CdAtivoBMF])VALUES('BZ2')
INSERT INTO [dbo].[classebmf] ([CdAtivoBMF])VALUES('BZE')
INSERT INTO [dbo].[classebmf] ([CdAtivoBMF])VALUES('CAD')
INSERT INTO [dbo].[classebmf] ([CdAtivoBMF])VALUES('CCM')
INSERT INTO [dbo].[classebmf] ([CdAtivoBMF])VALUES('CM2')
INSERT INTO [dbo].[classebmf] ([CdAtivoBMF])VALUES('CN2')
INSERT INTO [dbo].[classebmf] ([CdAtivoBMF])VALUES('CNI')
INSERT INTO [dbo].[classebmf] ([CdAtivoBMF])VALUES('CNL')
INSERT INTO [dbo].[classebmf] ([CdAtivoBMF])VALUES('CO2')
INSERT INTO [dbo].[classebmf] ([CdAtivoBMF])VALUES('COP')
INSERT INTO [dbo].[classebmf] ([CdAtivoBMF])VALUES('COT')
INSERT INTO [dbo].[classebmf] ([CdAtivoBMF])VALUES('CPG')
INSERT INTO [dbo].[classebmf] ([CdAtivoBMF])VALUES('CR1')
INSERT INTO [dbo].[classebmf] ([CdAtivoBMF])VALUES('CRV')
INSERT INTO [dbo].[classebmf] ([CdAtivoBMF])VALUES('CTM')
INSERT INTO [dbo].[classebmf] ([CdAtivoBMF])VALUES('D11')
INSERT INTO [dbo].[classebmf] ([CdAtivoBMF])VALUES('D12')
INSERT INTO [dbo].[classebmf] ([CdAtivoBMF])VALUES('D13')
INSERT INTO [dbo].[classebmf] ([CdAtivoBMF])VALUES('D14')
INSERT INTO [dbo].[classebmf] ([CdAtivoBMF])VALUES('DAP')
INSERT INTO [dbo].[classebmf] ([CdAtivoBMF])VALUES('DDI')
INSERT INTO [dbo].[classebmf] ([CdAtivoBMF])VALUES('DDM')
INSERT INTO [dbo].[classebmf] ([CdAtivoBMF])VALUES('DI1')
INSERT INTO [dbo].[classebmf] ([CdAtivoBMF])VALUES('DI2')
INSERT INTO [dbo].[classebmf] ([CdAtivoBMF])VALUES('DIA')
INSERT INTO [dbo].[classebmf] ([CdAtivoBMF])VALUES('DLA')
INSERT INTO [dbo].[classebmf] ([CdAtivoBMF])VALUES('DMA')
INSERT INTO [dbo].[classebmf] ([CdAtivoBMF])VALUES('DOL')
INSERT INTO [dbo].[classebmf] ([CdAtivoBMF])VALUES('DOM')
INSERT INTO [dbo].[classebmf] ([CdAtivoBMF])VALUES('DR1')
INSERT INTO [dbo].[classebmf] ([CdAtivoBMF])VALUES('EBR')
INSERT INTO [dbo].[classebmf] ([CdAtivoBMF])VALUES('EN2')
INSERT INTO [dbo].[classebmf] ([CdAtivoBMF])VALUES('ETH')
INSERT INTO [dbo].[classebmf] ([CdAtivoBMF])VALUES('ETN')
INSERT INTO [dbo].[classebmf] ([CdAtivoBMF])VALUES('EUR')
INSERT INTO [dbo].[classebmf] ([CdAtivoBMF])VALUES('FRC')
INSERT INTO [dbo].[classebmf] ([CdAtivoBMF])VALUES('FRM')
INSERT INTO [dbo].[classebmf] ([CdAtivoBMF])VALUES('FRP')
INSERT INTO [dbo].[classebmf] ([CdAtivoBMF])VALUES('GBP')
INSERT INTO [dbo].[classebmf] ([CdAtivoBMF])VALUES('IAP')
INSERT INTO [dbo].[classebmf] ([CdAtivoBMF])VALUES('IC2')
INSERT INTO [dbo].[classebmf] ([CdAtivoBMF])VALUES('ICF')
INSERT INTO [dbo].[classebmf] ([CdAtivoBMF])VALUES('ICN')
INSERT INTO [dbo].[classebmf] ([CdAtivoBMF])VALUES('ICO')
INSERT INTO [dbo].[classebmf] ([CdAtivoBMF])VALUES('IDI')
INSERT INTO [dbo].[classebmf] ([CdAtivoBMF])VALUES('IGF')
INSERT INTO [dbo].[classebmf] ([CdAtivoBMF])VALUES('IGM')
INSERT INTO [dbo].[classebmf] ([CdAtivoBMF])VALUES('IND')
INSERT INTO [dbo].[classebmf] ([CdAtivoBMF])VALUES('INF')
INSERT INTO [dbo].[classebmf] ([CdAtivoBMF])VALUES('IR1')
INSERT INTO [dbo].[classebmf] ([CdAtivoBMF])VALUES('IS2')
INSERT INTO [dbo].[classebmf] ([CdAtivoBMF])VALUES('ISU')
INSERT INTO [dbo].[classebmf] ([CdAtivoBMF])VALUES('JPY')
INSERT INTO [dbo].[classebmf] ([CdAtivoBMF])VALUES('MR1')
INSERT INTO [dbo].[classebmf] ([CdAtivoBMF])VALUES('MXN')
INSERT INTO [dbo].[classebmf] ([CdAtivoBMF])VALUES('OP2')
INSERT INTO [dbo].[classebmf] ([CdAtivoBMF])VALUES('OZ1')
INSERT INTO [dbo].[classebmf] ([CdAtivoBMF])VALUES('OZ2')
INSERT INTO [dbo].[classebmf] ([CdAtivoBMF])VALUES('OZ3')
INSERT INTO [dbo].[classebmf] ([CdAtivoBMF])VALUES('SC2')
INSERT INTO [dbo].[classebmf] ([CdAtivoBMF])VALUES('SC3')
INSERT INTO [dbo].[classebmf] ([CdAtivoBMF])VALUES('SCC')
INSERT INTO [dbo].[classebmf] ([CdAtivoBMF])VALUES('SO2')
INSERT INTO [dbo].[classebmf] ([CdAtivoBMF])VALUES('SOI')
INSERT INTO [dbo].[classebmf] ([CdAtivoBMF])VALUES('SOJ')
INSERT INTO [dbo].[classebmf] ([CdAtivoBMF])VALUES('T10')
INSERT INTO [dbo].[classebmf] ([CdAtivoBMF])VALUES('VCA')
INSERT INTO [dbo].[classebmf] ([CdAtivoBMF])VALUES('VF1')
INSERT INTO [dbo].[classebmf] ([CdAtivoBMF])VALUES('VF2')
INSERT INTO [dbo].[classebmf] ([CdAtivoBMF])VALUES('VF3')
INSERT INTO [dbo].[classebmf] ([CdAtivoBMF])VALUES('VF4')
INSERT INTO [dbo].[classebmf] ([CdAtivoBMF])VALUES('VID')
INSERT INTO [dbo].[classebmf] ([CdAtivoBMF])VALUES('VOI')
INSERT INTO [dbo].[classebmf] ([CdAtivoBMF])VALUES('VTC')
INSERT INTO [dbo].[classebmf] ([CdAtivoBMF])VALUES('WBG')
INSERT INTO [dbo].[classebmf] ([CdAtivoBMF])VALUES('WCF')
INSERT INTO [dbo].[classebmf] ([CdAtivoBMF])VALUES('WDL')
INSERT INTO [dbo].[classebmf] ([CdAtivoBMF])VALUES('WIN')

INSERT INTO [dbo].tabelatob (DataReferencia,CdAtivoBMF,TipoMercado,TOB,TOBDayTrade,TOBMinima,TOBDayTradeMinima,TOBExercicio,TOBExercicioCasado)VALUES('Jan  1 2009 12:00:00:000AM','BGI',2,0.30000000,0.07000000,0.00000000,0.00000000,0.00000000,0.00000000)
INSERT INTO [dbo].tabelatob (DataReferencia,CdAtivoBMF,TipoMercado,TOB,TOBDayTrade,TOBMinima,TOBDayTradeMinima,TOBExercicio,TOBExercicioCasado)VALUES('Jan  1 2009 12:00:00:000AM','CCM',2,0.30000000,0.07000000,0.00000000,0.00000000,0.00000000,0.00000000)
INSERT INTO [dbo].tabelatob (DataReferencia,CdAtivoBMF,TipoMercado,TOB,TOBDayTrade,TOBMinima,TOBDayTradeMinima,TOBExercicio,TOBExercicioCasado)VALUES('Jan  1 2009 12:00:00:000AM','DI1',2,3.00000000,1.50000000,0.00000000,0.00000000,0.00000000,0.00000000)
INSERT INTO [dbo].tabelatob (DataReferencia,CdAtivoBMF,TipoMercado,TOB,TOBDayTrade,TOBMinima,TOBDayTradeMinima,TOBExercicio,TOBExercicioCasado)VALUES('Jan  1 2009 12:00:00:000AM','DOL',2,0.20000000,0.10000000,0.00000000,0.00000000,0.00000000,0.00000000)
INSERT INTO [dbo].tabelatob (DataReferencia,CdAtivoBMF,TipoMercado,TOB,TOBDayTrade,TOBMinima,TOBDayTradeMinima,TOBExercicio,TOBExercicioCasado)VALUES('Jan  1 2009 12:00:00:000AM','WDL',2,0.20000000,0.10000000,0.00000000,0.00000000,0.00000000,0.00000000)
INSERT INTO [dbo].tabelatob (DataReferencia,CdAtivoBMF,TipoMercado,TOB,TOBDayTrade,TOBMinima,TOBDayTradeMinima,TOBExercicio,TOBExercicioCasado)VALUES('Jan  1 2009 12:00:00:000AM','DOL',3,0.40000000,0.20000000,0.00000000,0.00000000,0.00000000,0.00000000)
INSERT INTO [dbo].tabelatob (DataReferencia,CdAtivoBMF,TipoMercado,TOB,TOBDayTrade,TOBMinima,TOBDayTradeMinima,TOBExercicio,TOBExercicioCasado)VALUES('Jan  1 2009 12:00:00:000AM','DOL',4,0.40000000,0.20000000,0.00000000,0.00000000,0.00000000,0.00000000)
INSERT INTO [dbo].tabelatob (DataReferencia,CdAtivoBMF,TipoMercado,TOB,TOBDayTrade,TOBMinima,TOBDayTradeMinima,TOBExercicio,TOBExercicioCasado)VALUES('Jan  1 2009 12:00:00:000AM','ETH',2,0.30000000,0.07000000,0.00000000,0.00000000,0.00000000,0.00000000)
INSERT INTO [dbo].tabelatob (DataReferencia,CdAtivoBMF,TipoMercado,TOB,TOBDayTrade,TOBMinima,TOBDayTradeMinima,TOBExercicio,TOBExercicioCasado)VALUES('Jan  1 2009 12:00:00:000AM','ICF',2,0.30000000,0.07000000,0.00000000,0.00000000,0.00000000,0.00000000)
INSERT INTO [dbo].tabelatob (DataReferencia,CdAtivoBMF,TipoMercado,TOB,TOBDayTrade,TOBMinima,TOBDayTradeMinima,TOBExercicio,TOBExercicioCasado)VALUES('Jan  1 2009 12:00:00:000AM','IND',2,0.25000000,0.15000000,0.00000000,0.00000000,0.00000000,0.00000000)
INSERT INTO [dbo].tabelatob (DataReferencia,CdAtivoBMF,TipoMercado,TOB,TOBDayTrade,TOBMinima,TOBDayTradeMinima,TOBExercicio,TOBExercicioCasado)VALUES('Jan  1 2009 12:00:00:000AM','WIN',2,0.25000000,0.15000000,0.00000000,0.00000000,0.00000000,0.00000000)
INSERT INTO [dbo].tabelatob (DataReferencia,CdAtivoBMF,TipoMercado,TOB,TOBDayTrade,TOBMinima,TOBDayTradeMinima,TOBExercicio,TOBExercicioCasado)VALUES('Jan  1 2009 12:00:00:000AM','IND',4,50.00000000,50.00000000,0.00000000,0.00000000,0.00000000,0.00000000)
INSERT INTO [dbo].tabelatob (DataReferencia,CdAtivoBMF,TipoMercado,TOB,TOBDayTrade,TOBMinima,TOBDayTradeMinima,TOBExercicio,TOBExercicioCasado)VALUES('Jan  1 2009 12:00:00:000AM','SOJ',2,0.30000000,0.07000000,0.00000000,0.00000000,0.00000000,0.00000000)

go

--CADASTRO DE PAPEL DE RENDA FIXA
set identity_insert [dbo].papelrendafixa on
INSERT INTO [dbo].papelrendafixa(IdPapel,TipoPapel,Descricao,TipoRentabilidade,CasasDecimaisPU,TipoCurva,ContagemDias,BaseAno,TipoVolume,TipoCustodia,Classe,PagamentoJuros) VALUES('1','2','CDB Pós 252','1','8','1','1','252','1','2','1100',1)
INSERT INTO [dbo].papelrendafixa(IdPapel,TipoPapel,Descricao,TipoRentabilidade,CasasDecimaisPU,TipoCurva,ContagemDias,BaseAno,TipoVolume,TipoCustodia,Classe,PagamentoJuros) VALUES('2','2','CDB Pré 252','2','8','1','1','252','2','2','1100',1)
INSERT INTO [dbo].papelrendafixa(IdPapel,TipoPapel,Descricao,TipoRentabilidade,CasasDecimaisPU,TipoCurva,ContagemDias,BaseAno,TipoVolume,TipoCustodia,Classe,PagamentoJuros) VALUES('3','2','CDB Pré 360','2','8','1','2','360','2','1','1100',1)

INSERT INTO [dbo].papelrendafixa(IdPapel,TipoPapel,Descricao,TipoRentabilidade,CasasDecimaisPU,TipoCurva,ContagemDias,BaseAno,TipoVolume,TipoCustodia,Classe,PagamentoJuros) VALUES('10','2','DPGE Pós 252','1','8','1','1','252','1','2','1105',1)
INSERT INTO [dbo].papelrendafixa(IdPapel,TipoPapel,Descricao,TipoRentabilidade,CasasDecimaisPU,TipoCurva,ContagemDias,BaseAno,TipoVolume,TipoCustodia,Classe,PagamentoJuros) VALUES('11','2','DPGE Pré 252','2','8','1','1','252','2','2','1105',1)
INSERT INTO [dbo].papelrendafixa(IdPapel,TipoPapel,Descricao,TipoRentabilidade,CasasDecimaisPU,TipoCurva,ContagemDias,BaseAno,TipoVolume,TipoCustodia,Classe,PagamentoJuros) VALUES('12','2','DPGE Pré 360','2','8','1','2','360','2','1','1105',1)

INSERT INTO [dbo].papelrendafixa(IdPapel,TipoPapel,Descricao,TipoRentabilidade,CasasDecimaisPU,TipoCurva,ContagemDias,BaseAno,TipoVolume,TipoCustodia,Classe,PagamentoJuros) VALUES('20','2','LF Pós 252','1','8','1','1','252','1','1','1110',1)
INSERT INTO [dbo].papelrendafixa(IdPapel,TipoPapel,Descricao,TipoRentabilidade,CasasDecimaisPU,TipoCurva,ContagemDias,BaseAno,TipoVolume,TipoCustodia,Classe,PagamentoJuros) VALUES('21','2','LF Pré 252','2','8','1','1','252','2','1','1110',1)
INSERT INTO [dbo].papelrendafixa(IdPapel,TipoPapel,Descricao,TipoRentabilidade,CasasDecimaisPU,TipoCurva,ContagemDias,BaseAno,TipoVolume,TipoCustodia,Classe,PagamentoJuros) VALUES('22','2','LF Pré 360','2','8','1','3','360','1','1','1110',1)

INSERT INTO [dbo].papelrendafixa(IdPapel,TipoPapel,Descricao,TipoRentabilidade,CasasDecimaisPU,TipoCurva,ContagemDias,BaseAno,TipoVolume,TipoCustodia,Classe,PagamentoJuros) VALUES('100','2','LCA','1','8','1','1','252','1','1','2100',1)

INSERT INTO [dbo].papelrendafixa(IdPapel,TipoPapel,Descricao,TipoRentabilidade,CasasDecimaisPU,TipoCurva,ContagemDias,BaseAno,TipoVolume,TipoCustodia,Classe,PagamentoJuros) VALUES('200','2','CRI Pós 252','1','8','1','1','252','1','1','1200',1)
INSERT INTO [dbo].papelrendafixa(IdPapel,TipoPapel,Descricao,TipoRentabilidade,CasasDecimaisPU,TipoCurva,ContagemDias,BaseAno,TipoVolume,TipoCustodia,Classe,PagamentoJuros) VALUES('201','2','CRI Pós 360','1','8','1','2','360','1','1','1200',1)

INSERT INTO [dbo].papelrendafixa(IdPapel,TipoPapel,Descricao,TipoRentabilidade,CasasDecimaisPU,TipoCurva,ContagemDias,BaseAno,TipoVolume,TipoCustodia,Classe,PagamentoJuros) VALUES('210','2','LCI','1','8','1','1','252','1','1','1300',1)

INSERT INTO [dbo].papelrendafixa(IdPapel,TipoPapel,Descricao,TipoRentabilidade,CasasDecimaisPU,TipoCurva,ContagemDias,BaseAno,TipoVolume,TipoCustodia,Classe,PagamentoJuros) VALUES('220','2','LH Pós 252','1','8','1','1','252','1','1','1400',1)
INSERT INTO [dbo].papelrendafixa(IdPapel,TipoPapel,Descricao,TipoRentabilidade,CasasDecimaisPU,TipoCurva,ContagemDias,BaseAno,TipoVolume,TipoCustodia,Classe,PagamentoJuros) VALUES('221','2','LH Pós 360','1','8','1','2','360','1','1','1400',1)

INSERT INTO [dbo].papelrendafixa(IdPapel,TipoPapel,Descricao,TipoRentabilidade,CasasDecimaisPU,TipoCurva,ContagemDias,BaseAno,TipoVolume,TipoCustodia,Classe,PagamentoJuros) VALUES('300','2','Deb. Pós 252','1','8','1','1','252','1','2','2000',1)
INSERT INTO [dbo].papelrendafixa(IdPapel,TipoPapel,Descricao,TipoRentabilidade,CasasDecimaisPU,TipoCurva,ContagemDias,BaseAno,TipoVolume,TipoCustodia,Classe,PagamentoJuros) VALUES('301','2','Deb. Pós 365','1','8','1','2','365','1','2','2000',1)																																														

INSERT INTO [dbo].papelrendafixa(IdPapel,TipoPapel,Descricao,TipoRentabilidade,CasasDecimaisPU,TipoCurva,ContagemDias,BaseAno,TipoVolume,TipoCustodia,Classe,PagamentoJuros) VALUES('400','2','Op. Comp. Pós 252','1','8','1','1','252','1','1','30',1)
INSERT INTO [dbo].papelrendafixa(IdPapel,TipoPapel,Descricao,TipoRentabilidade,CasasDecimaisPU,TipoCurva,ContagemDias,BaseAno,TipoVolume,TipoCustodia,Classe,PagamentoJuros) VALUES('401','2','Op. Comp. Pré 252','2','8','1','1','252','1','1','15',1)
INSERT INTO [dbo].papelrendafixa(IdPapel,TipoPapel,Descricao,TipoRentabilidade,CasasDecimaisPU,TipoCurva,ContagemDias,BaseAno,TipoVolume,TipoCustodia,Classe,PagamentoJuros) VALUES('402','2','Op. Comp. Pré 360','2','8','1','2','360','1','1','15',1)

INSERT INTO [dbo].papelrendafixa(IdPapel,TipoPapel,Descricao,TipoRentabilidade,CasasDecimaisPU,TipoCurva,ContagemDias,BaseAno,TipoVolume,TipoCustodia,Classe,PagamentoJuros) VALUES('1000','1','LFT','1','8','1','1','252','1','1','1',1)
INSERT INTO [dbo].papelrendafixa(IdPapel,TipoPapel,Descricao,TipoRentabilidade,CasasDecimaisPU,TipoCurva,ContagemDias,BaseAno,TipoVolume,TipoCustodia,Classe,PagamentoJuros) VALUES('1001','1','NTN-B','1','8','1','1','252','1','1','20',1)
INSERT INTO [dbo].papelrendafixa(IdPapel,TipoPapel,Descricao,TipoRentabilidade,CasasDecimaisPU,TipoCurva,ContagemDias,BaseAno,TipoVolume,TipoCustodia,Classe,PagamentoJuros) VALUES('1002','1','NTN-C','1','8','1','1','252','1','1','20',1)
INSERT INTO [dbo].papelrendafixa(IdPapel,TipoPapel,Descricao,TipoRentabilidade,CasasDecimaisPU,TipoCurva,ContagemDias,BaseAno,TipoVolume,TipoCustodia,Classe,PagamentoJuros) VALUES('1003','1','NTN-F','2','8','1','1','252','1','1','20',1)
INSERT INTO [dbo].papelrendafixa(IdPapel,TipoPapel,Descricao,TipoRentabilidade,CasasDecimaisPU,TipoCurva,ContagemDias,BaseAno,TipoVolume,TipoCustodia,Classe,PagamentoJuros) VALUES('1010','1','LTN','2','8','1','1','252','1','1','2',1)
set identity_insert [dbo].papelrendafixa off
go

set identity_insert [dbo].setor on
insert into [dbo].setor (IdSetor, Nome) values (9998, 'PADRÃO') 
insert into [dbo].setor (IdSetor, Nome) values (9999, 'PÚBLICO') 
set identity_insert [dbo].setor off
go

set identity_insert [dbo].emissor on
insert into [dbo].emissor (IdEmissor, Nome, TipoEmissor, IdSetor) values (1, 'PADRÃO', 1, 9998) 
insert into [dbo].emissor (IdEmissor, Nome, TipoEmissor, IdSetor) values (99998, 'PADRÃO', 1, 9998) 
insert into [dbo].emissor (IdEmissor, Nome, TipoEmissor, IdSetor) values (99999, 'TESOURO NAC.', 1, 9999) 
set identity_insert [dbo].emissor off
go

update [dbo].AtivoBolsa set IdEstrategia = 1
go

--ADM, PROVISOES
insert into [dbo].cadastroprovisao values ('Despesa Selic', 1)
insert into [dbo].cadastroprovisao values ('Despesa Cetip', 1)
insert into [dbo].cadastroprovisao values ('Despesa Auditoria', 1)
insert into [dbo].cadastroprovisao values ('Despesa Anbima', 1)
go

set identity_insert [dbo].CadastroTaxaAdministracao on
INSERT INTO [dbo].[CadastroTaxaAdministracao] ([IdCadastro],[Descricao],[Tipo])VALUES(1,'Taxa Administração',1)
INSERT INTO [dbo].[CadastroTaxaAdministracao] ([IdCadastro],[Descricao],[Tipo])VALUES(2,'Taxa Gestão',2)
set identity_insert [dbo].CadastroTaxaAdministracao off
go

--SEGURANCA (Usuarios, Grupos e Menus), insere tb em PermissaoMenu
set identity_insert [dbo].grupousuario on
insert into [dbo].grupousuario (IdGrupo, Descricao, TipoPerfil, Front, CarteiraSimulada) values (1, 'administrador', 1, 2, 'N')
insert into [dbo].grupousuario (IdGrupo, Descricao, TipoPerfil, Front, CarteiraSimulada) values (0, 'AdminMaster', 1, 1, 'N')
set identity_insert [dbo].grupousuario off
go

set identity_insert [dbo].usuario on
insert into [dbo].usuario(IdUsuario,IdGrupo,Nome,Login,Senha,Email,PerguntaLogin,RespostaLogin,DataUltimaAlteracao,DataValidade,DataCadastro
,DataUltimoLogin,DataUltimoBloqueio,StatusAtivo,StatusBloqueado,TentativasAcessoSenha,TentativasAcessoResposta,InicioTentativasAcessoSenha
,InicioTentativasAcessoResposta,TipoTrava,PaginaInicial,AcessaWin,TrocaSenha,DataLogout) values 
(1,1,'Administrador','admin','xtVwZiKHtZtdjUoWikZPlw==','suporte@atatika.com','','','01/01/2010','01/01/2100','01/01/2010','01/01/2010','01/01/2010','S','N',0,0,'01/01/2010','01/01/2010',1,'Relatorios/Fundo/FiltroReportComposicaoCarteira.aspx','S', 'N','01/01/2010')
set identity_insert [dbo].usuario off
go

INSERT INTO [dbo].[permissaocliente] values (1, 7777)

INSERT INTO [dbo].[permissaomenu] ([IdGrupo],[IdMenu],[PermissaoLeitura],[PermissaoAlteracao],[PermissaoExclusao],[PermissaoInclusao])VALUES(1,100,'S','S','S','S')
INSERT INTO [dbo].[permissaomenu] ([IdGrupo],[IdMenu],[PermissaoLeitura],[PermissaoAlteracao],[PermissaoExclusao],[PermissaoInclusao])VALUES(1,200,'S','S','S','S')
INSERT INTO [dbo].[permissaomenu] ([IdGrupo],[IdMenu],[PermissaoLeitura],[PermissaoAlteracao],[PermissaoExclusao],[PermissaoInclusao])VALUES(1,210,'S','S','S','S')
INSERT INTO [dbo].[permissaomenu] ([IdGrupo],[IdMenu],[PermissaoLeitura],[PermissaoAlteracao],[PermissaoExclusao],[PermissaoInclusao])VALUES(1,220,'S','S','S','S')
INSERT INTO [dbo].[permissaomenu] ([IdGrupo],[IdMenu],[PermissaoLeitura],[PermissaoAlteracao],[PermissaoExclusao],[PermissaoInclusao])VALUES(1,230,'S','S','S','S')
INSERT INTO [dbo].[permissaomenu] ([IdGrupo],[IdMenu],[PermissaoLeitura],[PermissaoAlteracao],[PermissaoExclusao],[PermissaoInclusao])VALUES(1,240,'S','S','S','S')
INSERT INTO [dbo].[permissaomenu] ([IdGrupo],[IdMenu],[PermissaoLeitura],[PermissaoAlteracao],[PermissaoExclusao],[PermissaoInclusao])VALUES(1,260,'S','S','S','S')
INSERT INTO [dbo].[permissaomenu] ([IdGrupo],[IdMenu],[PermissaoLeitura],[PermissaoAlteracao],[PermissaoExclusao],[PermissaoInclusao])VALUES(1,270,'S','S','S','S')
INSERT INTO [dbo].[permissaomenu] ([IdGrupo],[IdMenu],[PermissaoLeitura],[PermissaoAlteracao],[PermissaoExclusao],[PermissaoInclusao])VALUES(1,280,'S','S','S','S')
INSERT INTO [dbo].[permissaomenu] ([IdGrupo],[IdMenu],[PermissaoLeitura],[PermissaoAlteracao],[PermissaoExclusao],[PermissaoInclusao])VALUES(1,300,'S','S','S','S')
INSERT INTO [dbo].[permissaomenu] ([IdGrupo],[IdMenu],[PermissaoLeitura],[PermissaoAlteracao],[PermissaoExclusao],[PermissaoInclusao])VALUES(1,320,'S','S','S','S')
INSERT INTO [dbo].[permissaomenu] ([IdGrupo],[IdMenu],[PermissaoLeitura],[PermissaoAlteracao],[PermissaoExclusao],[PermissaoInclusao])VALUES(1,340,'S','S','S','S')
INSERT INTO [dbo].[permissaomenu] ([IdGrupo],[IdMenu],[PermissaoLeitura],[PermissaoAlteracao],[PermissaoExclusao],[PermissaoInclusao])VALUES(1,360,'S','S','S','S')
INSERT INTO [dbo].[permissaomenu] ([IdGrupo],[IdMenu],[PermissaoLeitura],[PermissaoAlteracao],[PermissaoExclusao],[PermissaoInclusao])VALUES(1,370,'S','S','S','S')
INSERT INTO [dbo].[permissaomenu] ([IdGrupo],[IdMenu],[PermissaoLeitura],[PermissaoAlteracao],[PermissaoExclusao],[PermissaoInclusao])VALUES(1,380,'S','S','S','S')
INSERT INTO [dbo].[permissaomenu] ([IdGrupo],[IdMenu],[PermissaoLeitura],[PermissaoAlteracao],[PermissaoExclusao],[PermissaoInclusao])VALUES(1,400,'S','S','S','S')
INSERT INTO [dbo].[permissaomenu] ([IdGrupo],[IdMenu],[PermissaoLeitura],[PermissaoAlteracao],[PermissaoExclusao],[PermissaoInclusao])VALUES(1,420,'S','S','S','S')
INSERT INTO [dbo].[permissaomenu] ([IdGrupo],[IdMenu],[PermissaoLeitura],[PermissaoAlteracao],[PermissaoExclusao],[PermissaoInclusao])VALUES(1,440,'S','S','S','S')
INSERT INTO [dbo].[permissaomenu] ([IdGrupo],[IdMenu],[PermissaoLeitura],[PermissaoAlteracao],[PermissaoExclusao],[PermissaoInclusao])VALUES(1,450,'S','S','S','S')
INSERT INTO [dbo].[permissaomenu] ([IdGrupo],[IdMenu],[PermissaoLeitura],[PermissaoAlteracao],[PermissaoExclusao],[PermissaoInclusao])VALUES(1,460,'S','S','S','S')
INSERT INTO [dbo].[permissaomenu] ([IdGrupo],[IdMenu],[PermissaoLeitura],[PermissaoAlteracao],[PermissaoExclusao],[PermissaoInclusao])VALUES(1,470,'S','S','S','S')
INSERT INTO [dbo].[permissaomenu] ([IdGrupo],[IdMenu],[PermissaoLeitura],[PermissaoAlteracao],[PermissaoExclusao],[PermissaoInclusao])VALUES(1,1000,'S','S','S','S')
INSERT INTO [dbo].[permissaomenu] ([IdGrupo],[IdMenu],[PermissaoLeitura],[PermissaoAlteracao],[PermissaoExclusao],[PermissaoInclusao])VALUES(1,1100,'S','S','S','S')
INSERT INTO [dbo].[permissaomenu] ([IdGrupo],[IdMenu],[PermissaoLeitura],[PermissaoAlteracao],[PermissaoExclusao],[PermissaoInclusao])VALUES(1,1120,'S','S','S','S')
INSERT INTO [dbo].[permissaomenu] ([IdGrupo],[IdMenu],[PermissaoLeitura],[PermissaoAlteracao],[PermissaoExclusao],[PermissaoInclusao])VALUES(1,1130,'S','S','S','S')
INSERT INTO [dbo].[permissaomenu] ([IdGrupo],[IdMenu],[PermissaoLeitura],[PermissaoAlteracao],[PermissaoExclusao],[PermissaoInclusao])VALUES(1,1140,'S','S','S','S')
INSERT INTO [dbo].[permissaomenu] ([IdGrupo],[IdMenu],[PermissaoLeitura],[PermissaoAlteracao],[PermissaoExclusao],[PermissaoInclusao])VALUES(1,1165,'S','S','S','S')
INSERT INTO [dbo].[permissaomenu] ([IdGrupo],[IdMenu],[PermissaoLeitura],[PermissaoAlteracao],[PermissaoExclusao],[PermissaoInclusao])VALUES(1,1170,'S','S','S','S')
INSERT INTO [dbo].[permissaomenu] ([IdGrupo],[IdMenu],[PermissaoLeitura],[PermissaoAlteracao],[PermissaoExclusao],[PermissaoInclusao])VALUES(1,1180,'S','S','S','S')
INSERT INTO [dbo].[permissaomenu] ([IdGrupo],[IdMenu],[PermissaoLeitura],[PermissaoAlteracao],[PermissaoExclusao],[PermissaoInclusao])VALUES(1,1200,'S','S','S','S')
INSERT INTO [dbo].[permissaomenu] ([IdGrupo],[IdMenu],[PermissaoLeitura],[PermissaoAlteracao],[PermissaoExclusao],[PermissaoInclusao])VALUES(1,1205,'S','S','S','S')
INSERT INTO [dbo].[permissaomenu] ([IdGrupo],[IdMenu],[PermissaoLeitura],[PermissaoAlteracao],[PermissaoExclusao],[PermissaoInclusao])VALUES(1,1210,'S','S','S','S')
INSERT INTO [dbo].[permissaomenu] ([IdGrupo],[IdMenu],[PermissaoLeitura],[PermissaoAlteracao],[PermissaoExclusao],[PermissaoInclusao])VALUES(1,1215,'S','S','S','S')
INSERT INTO [dbo].[permissaomenu] ([IdGrupo],[IdMenu],[PermissaoLeitura],[PermissaoAlteracao],[PermissaoExclusao],[PermissaoInclusao])VALUES(1,1220,'S','S','S','S')
INSERT INTO [dbo].[permissaomenu] ([IdGrupo],[IdMenu],[PermissaoLeitura],[PermissaoAlteracao],[PermissaoExclusao],[PermissaoInclusao])VALUES(1,1800,'S','S','S','S')
INSERT INTO [dbo].[permissaomenu] ([IdGrupo],[IdMenu],[PermissaoLeitura],[PermissaoAlteracao],[PermissaoExclusao],[PermissaoInclusao])VALUES(1,1805,'S','S','S','S')
INSERT INTO [dbo].[permissaomenu] ([IdGrupo],[IdMenu],[PermissaoLeitura],[PermissaoAlteracao],[PermissaoExclusao],[PermissaoInclusao])VALUES(1,1810,'S','S','S','S')
INSERT INTO [dbo].[permissaomenu] ([IdGrupo],[IdMenu],[PermissaoLeitura],[PermissaoAlteracao],[PermissaoExclusao],[PermissaoInclusao])VALUES(1,1820,'S','S','S','S')
INSERT INTO [dbo].[permissaomenu] ([IdGrupo],[IdMenu],[PermissaoLeitura],[PermissaoAlteracao],[PermissaoExclusao],[PermissaoInclusao])VALUES(1,1830,'S','S','S','S')
INSERT INTO [dbo].[permissaomenu] ([IdGrupo],[IdMenu],[PermissaoLeitura],[PermissaoAlteracao],[PermissaoExclusao],[PermissaoInclusao])VALUES(1,1840,'S','S','S','S')
INSERT INTO [dbo].[permissaomenu] ([IdGrupo],[IdMenu],[PermissaoLeitura],[PermissaoAlteracao],[PermissaoExclusao],[PermissaoInclusao])VALUES(1,1850,'S','S','S','S')
INSERT INTO [dbo].[permissaomenu] ([IdGrupo],[IdMenu],[PermissaoLeitura],[PermissaoAlteracao],[PermissaoExclusao],[PermissaoInclusao])VALUES(1,1860,'S','S','S','S')
INSERT INTO [dbo].[permissaomenu] ([IdGrupo],[IdMenu],[PermissaoLeitura],[PermissaoAlteracao],[PermissaoExclusao],[PermissaoInclusao])VALUES(1,1870,'S','S','S','S')
INSERT INTO [dbo].[permissaomenu] ([IdGrupo],[IdMenu],[PermissaoLeitura],[PermissaoAlteracao],[PermissaoExclusao],[PermissaoInclusao])VALUES(1,2000,'S','S','S','S')
INSERT INTO [dbo].[permissaomenu] ([IdGrupo],[IdMenu],[PermissaoLeitura],[PermissaoAlteracao],[PermissaoExclusao],[PermissaoInclusao])VALUES(1,2100,'S','S','S','S')
INSERT INTO [dbo].[permissaomenu] ([IdGrupo],[IdMenu],[PermissaoLeitura],[PermissaoAlteracao],[PermissaoExclusao],[PermissaoInclusao])VALUES(1,2160,'S','S','S','S')
INSERT INTO [dbo].[permissaomenu] ([IdGrupo],[IdMenu],[PermissaoLeitura],[PermissaoAlteracao],[PermissaoExclusao],[PermissaoInclusao])VALUES(1,2200,'S','S','S','S')
INSERT INTO [dbo].[permissaomenu] ([IdGrupo],[IdMenu],[PermissaoLeitura],[PermissaoAlteracao],[PermissaoExclusao],[PermissaoInclusao])VALUES(1,2210,'S','S','S','S')
INSERT INTO [dbo].[permissaomenu] ([IdGrupo],[IdMenu],[PermissaoLeitura],[PermissaoAlteracao],[PermissaoExclusao],[PermissaoInclusao])VALUES(1,2220,'S','S','S','S')
INSERT INTO [dbo].[permissaomenu] ([IdGrupo],[IdMenu],[PermissaoLeitura],[PermissaoAlteracao],[PermissaoExclusao],[PermissaoInclusao])VALUES(1,2222,'S','S','S','S')
INSERT INTO [dbo].[permissaomenu] ([IdGrupo],[IdMenu],[PermissaoLeitura],[PermissaoAlteracao],[PermissaoExclusao],[PermissaoInclusao])VALUES(1,2225,'S','S','S','S')
INSERT INTO [dbo].[permissaomenu] ([IdGrupo],[IdMenu],[PermissaoLeitura],[PermissaoAlteracao],[PermissaoExclusao],[PermissaoInclusao])VALUES(1,2230,'S','S','S','S')
INSERT INTO [dbo].[permissaomenu] ([IdGrupo],[IdMenu],[PermissaoLeitura],[PermissaoAlteracao],[PermissaoExclusao],[PermissaoInclusao])VALUES(1,2240,'S','S','S','S')
go
INSERT INTO [dbo].[permissaomenu] ([IdGrupo],[IdMenu],[PermissaoLeitura],[PermissaoAlteracao],[PermissaoExclusao],[PermissaoInclusao])VALUES(1,2260,'S','S','S','S')
INSERT INTO [dbo].[permissaomenu] ([IdGrupo],[IdMenu],[PermissaoLeitura],[PermissaoAlteracao],[PermissaoExclusao],[PermissaoInclusao])VALUES(1,2280,'S','S','S','S')
INSERT INTO [dbo].[permissaomenu] ([IdGrupo],[IdMenu],[PermissaoLeitura],[PermissaoAlteracao],[PermissaoExclusao],[PermissaoInclusao])VALUES(1,2300,'S','S','S','S')
INSERT INTO [dbo].[permissaomenu] ([IdGrupo],[IdMenu],[PermissaoLeitura],[PermissaoAlteracao],[PermissaoExclusao],[PermissaoInclusao])VALUES(1,2305,'S','S','S','S')
INSERT INTO [dbo].[permissaomenu] ([IdGrupo],[IdMenu],[PermissaoLeitura],[PermissaoAlteracao],[PermissaoExclusao],[PermissaoInclusao])VALUES(1,2320,'S','S','S','S')
INSERT INTO [dbo].[permissaomenu] ([IdGrupo],[IdMenu],[PermissaoLeitura],[PermissaoAlteracao],[PermissaoExclusao],[PermissaoInclusao])VALUES(1,2340,'S','S','S','S')
INSERT INTO [dbo].[permissaomenu] ([IdGrupo],[IdMenu],[PermissaoLeitura],[PermissaoAlteracao],[PermissaoExclusao],[PermissaoInclusao])VALUES(1,2342,'S','S','S','S')
INSERT INTO [dbo].[permissaomenu] ([IdGrupo],[IdMenu],[PermissaoLeitura],[PermissaoAlteracao],[PermissaoExclusao],[PermissaoInclusao])VALUES(1,2345,'S','S','S','S')
INSERT INTO [dbo].[permissaomenu] ([IdGrupo],[IdMenu],[PermissaoLeitura],[PermissaoAlteracao],[PermissaoExclusao],[PermissaoInclusao])VALUES(1,2400,'S','S','S','S')
INSERT INTO [dbo].[permissaomenu] ([IdGrupo],[IdMenu],[PermissaoLeitura],[PermissaoAlteracao],[PermissaoExclusao],[PermissaoInclusao])VALUES(1,2410,'S','S','S','S')
INSERT INTO [dbo].[permissaomenu] ([IdGrupo],[IdMenu],[PermissaoLeitura],[PermissaoAlteracao],[PermissaoExclusao],[PermissaoInclusao])VALUES(1,2420,'S','S','S','S')
INSERT INTO [dbo].[permissaomenu] ([IdGrupo],[IdMenu],[PermissaoLeitura],[PermissaoAlteracao],[PermissaoExclusao],[PermissaoInclusao])VALUES(1,2430,'S','S','S','S')
INSERT INTO [dbo].[permissaomenu] ([IdGrupo],[IdMenu],[PermissaoLeitura],[PermissaoAlteracao],[PermissaoExclusao],[PermissaoInclusao])VALUES(1,2440,'S','S','S','S')
INSERT INTO [dbo].[permissaomenu] ([IdGrupo],[IdMenu],[PermissaoLeitura],[PermissaoAlteracao],[PermissaoExclusao],[PermissaoInclusao])VALUES(1,2500,'S','S','S','S')
INSERT INTO [dbo].[permissaomenu] ([IdGrupo],[IdMenu],[PermissaoLeitura],[PermissaoAlteracao],[PermissaoExclusao],[PermissaoInclusao])VALUES(1,2510,'S','S','S','S')
INSERT INTO [dbo].[permissaomenu] ([IdGrupo],[IdMenu],[PermissaoLeitura],[PermissaoAlteracao],[PermissaoExclusao],[PermissaoInclusao])VALUES(1,2520,'S','S','S','S')
INSERT INTO [dbo].[permissaomenu] ([IdGrupo],[IdMenu],[PermissaoLeitura],[PermissaoAlteracao],[PermissaoExclusao],[PermissaoInclusao])VALUES(1,2530,'S','S','S','S')
INSERT INTO [dbo].[permissaomenu] ([IdGrupo],[IdMenu],[PermissaoLeitura],[PermissaoAlteracao],[PermissaoExclusao],[PermissaoInclusao])VALUES(1,2540,'S','S','S','S')
INSERT INTO [dbo].[permissaomenu] ([IdGrupo],[IdMenu],[PermissaoLeitura],[PermissaoAlteracao],[PermissaoExclusao],[PermissaoInclusao])VALUES(1,2550,'S','S','S','S')
INSERT INTO [dbo].[permissaomenu] ([IdGrupo],[IdMenu],[PermissaoLeitura],[PermissaoAlteracao],[PermissaoExclusao],[PermissaoInclusao])VALUES(1,2600,'S','S','S','S')
INSERT INTO [dbo].[permissaomenu] ([IdGrupo],[IdMenu],[PermissaoLeitura],[PermissaoAlteracao],[PermissaoExclusao],[PermissaoInclusao])VALUES(1,2610,'S','S','S','S')
INSERT INTO [dbo].[permissaomenu] ([IdGrupo],[IdMenu],[PermissaoLeitura],[PermissaoAlteracao],[PermissaoExclusao],[PermissaoInclusao])VALUES(1,2620,'S','S','S','S')
INSERT INTO [dbo].[permissaomenu] ([IdGrupo],[IdMenu],[PermissaoLeitura],[PermissaoAlteracao],[PermissaoExclusao],[PermissaoInclusao])VALUES(1,2630,'S','S','S','S')
INSERT INTO [dbo].[permissaomenu] ([IdGrupo],[IdMenu],[PermissaoLeitura],[PermissaoAlteracao],[PermissaoExclusao],[PermissaoInclusao])VALUES(1,2640,'S','S','S','S')
INSERT INTO [dbo].[permissaomenu] ([IdGrupo],[IdMenu],[PermissaoLeitura],[PermissaoAlteracao],[PermissaoExclusao],[PermissaoInclusao])VALUES(1,2650,'S','S','S','S')
INSERT INTO [dbo].[permissaomenu] ([IdGrupo],[IdMenu],[PermissaoLeitura],[PermissaoAlteracao],[PermissaoExclusao],[PermissaoInclusao])VALUES(1,2700,'S','S','S','S')
INSERT INTO [dbo].[permissaomenu] ([IdGrupo],[IdMenu],[PermissaoLeitura],[PermissaoAlteracao],[PermissaoExclusao],[PermissaoInclusao])VALUES(1,3000,'S','S','S','S')
INSERT INTO [dbo].[permissaomenu] ([IdGrupo],[IdMenu],[PermissaoLeitura],[PermissaoAlteracao],[PermissaoExclusao],[PermissaoInclusao])VALUES(1,3100,'S','S','S','S')
INSERT INTO [dbo].[permissaomenu] ([IdGrupo],[IdMenu],[PermissaoLeitura],[PermissaoAlteracao],[PermissaoExclusao],[PermissaoInclusao])VALUES(1,3120,'S','S','S','S')
INSERT INTO [dbo].[permissaomenu] ([IdGrupo],[IdMenu],[PermissaoLeitura],[PermissaoAlteracao],[PermissaoExclusao],[PermissaoInclusao])VALUES(1,3140,'S','S','S','S')
INSERT INTO [dbo].[permissaomenu] ([IdGrupo],[IdMenu],[PermissaoLeitura],[PermissaoAlteracao],[PermissaoExclusao],[PermissaoInclusao])VALUES(1,3160,'S','S','S','S')
INSERT INTO [dbo].[permissaomenu] ([IdGrupo],[IdMenu],[PermissaoLeitura],[PermissaoAlteracao],[PermissaoExclusao],[PermissaoInclusao])VALUES(1,3170,'S','S','S','S')
INSERT INTO [dbo].[permissaomenu] ([IdGrupo],[IdMenu],[PermissaoLeitura],[PermissaoAlteracao],[PermissaoExclusao],[PermissaoInclusao])VALUES(1,3180,'S','S','S','S')
INSERT INTO [dbo].[permissaomenu] ([IdGrupo],[IdMenu],[PermissaoLeitura],[PermissaoAlteracao],[PermissaoExclusao],[PermissaoInclusao])VALUES(1,3200,'S','S','S','S')
INSERT INTO [dbo].[permissaomenu] ([IdGrupo],[IdMenu],[PermissaoLeitura],[PermissaoAlteracao],[PermissaoExclusao],[PermissaoInclusao])VALUES(1,3300,'S','S','S','S')
INSERT INTO [dbo].[permissaomenu] ([IdGrupo],[IdMenu],[PermissaoLeitura],[PermissaoAlteracao],[PermissaoExclusao],[PermissaoInclusao])VALUES(1,3310,'S','S','S','S')
INSERT INTO [dbo].[permissaomenu] ([IdGrupo],[IdMenu],[PermissaoLeitura],[PermissaoAlteracao],[PermissaoExclusao],[PermissaoInclusao])VALUES(1,3320,'S','S','S','S')
INSERT INTO [dbo].[permissaomenu] ([IdGrupo],[IdMenu],[PermissaoLeitura],[PermissaoAlteracao],[PermissaoExclusao],[PermissaoInclusao])VALUES(1,3330,'S','S','S','S')
INSERT INTO [dbo].[permissaomenu] ([IdGrupo],[IdMenu],[PermissaoLeitura],[PermissaoAlteracao],[PermissaoExclusao],[PermissaoInclusao])VALUES(1,3340,'S','S','S','S')
INSERT INTO [dbo].[permissaomenu] ([IdGrupo],[IdMenu],[PermissaoLeitura],[PermissaoAlteracao],[PermissaoExclusao],[PermissaoInclusao])VALUES(1,3350,'S','S','S','S')
INSERT INTO [dbo].[permissaomenu] ([IdGrupo],[IdMenu],[PermissaoLeitura],[PermissaoAlteracao],[PermissaoExclusao],[PermissaoInclusao])VALUES(1,3500,'S','S','S','S')
INSERT INTO [dbo].[permissaomenu] ([IdGrupo],[IdMenu],[PermissaoLeitura],[PermissaoAlteracao],[PermissaoExclusao],[PermissaoInclusao])VALUES(1,3600,'S','S','S','S')
INSERT INTO [dbo].[permissaomenu] ([IdGrupo],[IdMenu],[PermissaoLeitura],[PermissaoAlteracao],[PermissaoExclusao],[PermissaoInclusao])VALUES(1,3620,'S','S','S','S')
INSERT INTO [dbo].[permissaomenu] ([IdGrupo],[IdMenu],[PermissaoLeitura],[PermissaoAlteracao],[PermissaoExclusao],[PermissaoInclusao])VALUES(1,3625,'S','S','S','S')
go
INSERT INTO [dbo].[permissaomenu] ([IdGrupo],[IdMenu],[PermissaoLeitura],[PermissaoAlteracao],[PermissaoExclusao],[PermissaoInclusao])VALUES(1,3700,'S','S','S','S')
INSERT INTO [dbo].[permissaomenu] ([IdGrupo],[IdMenu],[PermissaoLeitura],[PermissaoAlteracao],[PermissaoExclusao],[PermissaoInclusao])VALUES(1,3710,'S','S','S','S')
INSERT INTO [dbo].[permissaomenu] ([IdGrupo],[IdMenu],[PermissaoLeitura],[PermissaoAlteracao],[PermissaoExclusao],[PermissaoInclusao])VALUES(1,3720,'S','S','S','S')
INSERT INTO [dbo].[permissaomenu] ([IdGrupo],[IdMenu],[PermissaoLeitura],[PermissaoAlteracao],[PermissaoExclusao],[PermissaoInclusao])VALUES(1,3730,'S','S','S','S')
INSERT INTO [dbo].[permissaomenu] ([IdGrupo],[IdMenu],[PermissaoLeitura],[PermissaoAlteracao],[PermissaoExclusao],[PermissaoInclusao])VALUES(1,3740,'S','S','S','S')
INSERT INTO [dbo].[permissaomenu] ([IdGrupo],[IdMenu],[PermissaoLeitura],[PermissaoAlteracao],[PermissaoExclusao],[PermissaoInclusao])VALUES(1,3750,'S','S','S','S')
INSERT INTO [dbo].[permissaomenu] ([IdGrupo],[IdMenu],[PermissaoLeitura],[PermissaoAlteracao],[PermissaoExclusao],[PermissaoInclusao])VALUES(1,3755,'S','S','S','S')
INSERT INTO [dbo].[permissaomenu] ([IdGrupo],[IdMenu],[PermissaoLeitura],[PermissaoAlteracao],[PermissaoExclusao],[PermissaoInclusao])VALUES(1,3760,'S','S','S','S')
INSERT INTO [dbo].[permissaomenu] ([IdGrupo],[IdMenu],[PermissaoLeitura],[PermissaoAlteracao],[PermissaoExclusao],[PermissaoInclusao])VALUES(1,3800,'S','S','S','S')
INSERT INTO [dbo].[permissaomenu] ([IdGrupo],[IdMenu],[PermissaoLeitura],[PermissaoAlteracao],[PermissaoExclusao],[PermissaoInclusao])VALUES(1,3820,'S','S','S','S')
INSERT INTO [dbo].[permissaomenu] ([IdGrupo],[IdMenu],[PermissaoLeitura],[PermissaoAlteracao],[PermissaoExclusao],[PermissaoInclusao])VALUES(1,3830,'S','S','S','S')
INSERT INTO [dbo].[permissaomenu] ([IdGrupo],[IdMenu],[PermissaoLeitura],[PermissaoAlteracao],[PermissaoExclusao],[PermissaoInclusao])VALUES(1,3832,'S','S','S','S')
INSERT INTO [dbo].[permissaomenu] ([IdGrupo],[IdMenu],[PermissaoLeitura],[PermissaoAlteracao],[PermissaoExclusao],[PermissaoInclusao])VALUES(1,3834,'S','S','S','S')
INSERT INTO [dbo].[permissaomenu] ([IdGrupo],[IdMenu],[PermissaoLeitura],[PermissaoAlteracao],[PermissaoExclusao],[PermissaoInclusao])VALUES(1,3840,'S','S','S','S')
INSERT INTO [dbo].[permissaomenu] ([IdGrupo],[IdMenu],[PermissaoLeitura],[PermissaoAlteracao],[PermissaoExclusao],[PermissaoInclusao])VALUES(1,3850,'S','S','S','S')
INSERT INTO [dbo].[permissaomenu] ([IdGrupo],[IdMenu],[PermissaoLeitura],[PermissaoAlteracao],[PermissaoExclusao],[PermissaoInclusao])VALUES(1,3860,'S','S','S','S')
INSERT INTO [dbo].[permissaomenu] ([IdGrupo],[IdMenu],[PermissaoLeitura],[PermissaoAlteracao],[PermissaoExclusao],[PermissaoInclusao])VALUES(1,3880,'S','S','S','S')
INSERT INTO [dbo].[permissaomenu] ([IdGrupo],[IdMenu],[PermissaoLeitura],[PermissaoAlteracao],[PermissaoExclusao],[PermissaoInclusao])VALUES(1,3890,'S','S','S','S')
INSERT INTO [dbo].[permissaomenu] ([IdGrupo],[IdMenu],[PermissaoLeitura],[PermissaoAlteracao],[PermissaoExclusao],[PermissaoInclusao])VALUES(1,3900,'S','S','S','S')
INSERT INTO [dbo].[permissaomenu] ([IdGrupo],[IdMenu],[PermissaoLeitura],[PermissaoAlteracao],[PermissaoExclusao],[PermissaoInclusao])VALUES(1,4000,'S','S','S','S')
INSERT INTO [dbo].[permissaomenu] ([IdGrupo],[IdMenu],[PermissaoLeitura],[PermissaoAlteracao],[PermissaoExclusao],[PermissaoInclusao])VALUES(1,4100,'S','S','S','S')
INSERT INTO [dbo].[permissaomenu] ([IdGrupo],[IdMenu],[PermissaoLeitura],[PermissaoAlteracao],[PermissaoExclusao],[PermissaoInclusao])VALUES(1,4140,'S','S','S','S')
INSERT INTO [dbo].[permissaomenu] ([IdGrupo],[IdMenu],[PermissaoLeitura],[PermissaoAlteracao],[PermissaoExclusao],[PermissaoInclusao])VALUES(1,4160,'S','S','S','S')
INSERT INTO [dbo].[permissaomenu] ([IdGrupo],[IdMenu],[PermissaoLeitura],[PermissaoAlteracao],[PermissaoExclusao],[PermissaoInclusao])VALUES(1,4800,'S','S','S','S')
INSERT INTO [dbo].[permissaomenu] ([IdGrupo],[IdMenu],[PermissaoLeitura],[PermissaoAlteracao],[PermissaoExclusao],[PermissaoInclusao])VALUES(1,4810,'S','S','S','S')
INSERT INTO [dbo].[permissaomenu] ([IdGrupo],[IdMenu],[PermissaoLeitura],[PermissaoAlteracao],[PermissaoExclusao],[PermissaoInclusao])VALUES(1,4820,'S','S','S','S')
INSERT INTO [dbo].[permissaomenu] ([IdGrupo],[IdMenu],[PermissaoLeitura],[PermissaoAlteracao],[PermissaoExclusao],[PermissaoInclusao])VALUES(1,4830,'S','S','S','S')
INSERT INTO [dbo].[permissaomenu] ([IdGrupo],[IdMenu],[PermissaoLeitura],[PermissaoAlteracao],[PermissaoExclusao],[PermissaoInclusao])VALUES(1,4840,'S','S','S','S')
INSERT INTO [dbo].[permissaomenu] ([IdGrupo],[IdMenu],[PermissaoLeitura],[PermissaoAlteracao],[PermissaoExclusao],[PermissaoInclusao])VALUES(1,4850,'S','S','S','S')
INSERT INTO [dbo].[permissaomenu] ([IdGrupo],[IdMenu],[PermissaoLeitura],[PermissaoAlteracao],[PermissaoExclusao],[PermissaoInclusao])VALUES(1,4860,'S','S','S','S')
INSERT INTO [dbo].[permissaomenu] ([IdGrupo],[IdMenu],[PermissaoLeitura],[PermissaoAlteracao],[PermissaoExclusao],[PermissaoInclusao])VALUES(1,4870,'S','S','S','S')
INSERT INTO [dbo].[permissaomenu] ([IdGrupo],[IdMenu],[PermissaoLeitura],[PermissaoAlteracao],[PermissaoExclusao],[PermissaoInclusao])VALUES(1,6000,'S','S','S','S')
INSERT INTO [dbo].[permissaomenu] ([IdGrupo],[IdMenu],[PermissaoLeitura],[PermissaoAlteracao],[PermissaoExclusao],[PermissaoInclusao])VALUES(1,6100,'S','S','S','S')
INSERT INTO [dbo].[permissaomenu] ([IdGrupo],[IdMenu],[PermissaoLeitura],[PermissaoAlteracao],[PermissaoExclusao],[PermissaoInclusao])VALUES(1,6120,'S','S','S','S')
INSERT INTO [dbo].[permissaomenu] ([IdGrupo],[IdMenu],[PermissaoLeitura],[PermissaoAlteracao],[PermissaoExclusao],[PermissaoInclusao])VALUES(1,6130,'S','S','S','S')
INSERT INTO [dbo].[permissaomenu] ([IdGrupo],[IdMenu],[PermissaoLeitura],[PermissaoAlteracao],[PermissaoExclusao],[PermissaoInclusao])VALUES(1,7000,'S','S','S','S')
INSERT INTO [dbo].[permissaomenu] ([IdGrupo],[IdMenu],[PermissaoLeitura],[PermissaoAlteracao],[PermissaoExclusao],[PermissaoInclusao])VALUES(1,7100,'S','S','S','S')
INSERT INTO [dbo].[permissaomenu] ([IdGrupo],[IdMenu],[PermissaoLeitura],[PermissaoAlteracao],[PermissaoExclusao],[PermissaoInclusao])VALUES(1,7110,'S','S','S','S')
INSERT INTO [dbo].[permissaomenu] ([IdGrupo],[IdMenu],[PermissaoLeitura],[PermissaoAlteracao],[PermissaoExclusao],[PermissaoInclusao])VALUES(1,7120,'S','S','S','S')
INSERT INTO [dbo].[permissaomenu] ([IdGrupo],[IdMenu],[PermissaoLeitura],[PermissaoAlteracao],[PermissaoExclusao],[PermissaoInclusao])VALUES(1,7130,'S','S','S','S')
go
INSERT INTO [dbo].[permissaomenu] ([IdGrupo],[IdMenu],[PermissaoLeitura],[PermissaoAlteracao],[PermissaoExclusao],[PermissaoInclusao])VALUES(1,7160,'S','S','S','S')
INSERT INTO [dbo].[permissaomenu] ([IdGrupo],[IdMenu],[PermissaoLeitura],[PermissaoAlteracao],[PermissaoExclusao],[PermissaoInclusao])VALUES(1,7170,'S','S','S','S')
INSERT INTO [dbo].[permissaomenu] ([IdGrupo],[IdMenu],[PermissaoLeitura],[PermissaoAlteracao],[PermissaoExclusao],[PermissaoInclusao])VALUES(1,7180,'S','S','S','S')
INSERT INTO [dbo].[permissaomenu] ([IdGrupo],[IdMenu],[PermissaoLeitura],[PermissaoAlteracao],[PermissaoExclusao],[PermissaoInclusao])VALUES(1,7200,'S','S','S','S')
INSERT INTO [dbo].[permissaomenu] ([IdGrupo],[IdMenu],[PermissaoLeitura],[PermissaoAlteracao],[PermissaoExclusao],[PermissaoInclusao])VALUES(1,7220,'S','S','S','S')
INSERT INTO [dbo].[permissaomenu] ([IdGrupo],[IdMenu],[PermissaoLeitura],[PermissaoAlteracao],[PermissaoExclusao],[PermissaoInclusao])VALUES(1,7230,'S','S','S','S')
INSERT INTO [dbo].[permissaomenu] ([IdGrupo],[IdMenu],[PermissaoLeitura],[PermissaoAlteracao],[PermissaoExclusao],[PermissaoInclusao])VALUES(1,7240,'S','S','S','S')
INSERT INTO [dbo].[permissaomenu] ([IdGrupo],[IdMenu],[PermissaoLeitura],[PermissaoAlteracao],[PermissaoExclusao],[PermissaoInclusao])VALUES(1,7250,'S','S','S','S')
INSERT INTO [dbo].[permissaomenu] ([IdGrupo],[IdMenu],[PermissaoLeitura],[PermissaoAlteracao],[PermissaoExclusao],[PermissaoInclusao])VALUES(1,7300,'S','S','S','S')
INSERT INTO [dbo].[permissaomenu] ([IdGrupo],[IdMenu],[PermissaoLeitura],[PermissaoAlteracao],[PermissaoExclusao],[PermissaoInclusao])VALUES(1,7310,'S','S','S','S')
INSERT INTO [dbo].[permissaomenu] ([IdGrupo],[IdMenu],[PermissaoLeitura],[PermissaoAlteracao],[PermissaoExclusao],[PermissaoInclusao])VALUES(1,7320,'S','S','S','S')
INSERT INTO [dbo].[permissaomenu] ([IdGrupo],[IdMenu],[PermissaoLeitura],[PermissaoAlteracao],[PermissaoExclusao],[PermissaoInclusao])VALUES(1,7330,'S','S','S','S')
INSERT INTO [dbo].[permissaomenu] ([IdGrupo],[IdMenu],[PermissaoLeitura],[PermissaoAlteracao],[PermissaoExclusao],[PermissaoInclusao])VALUES(1,7400,'S','S','S','S')
INSERT INTO [dbo].[permissaomenu] ([IdGrupo],[IdMenu],[PermissaoLeitura],[PermissaoAlteracao],[PermissaoExclusao],[PermissaoInclusao])VALUES(1,7410,'S','S','S','S')
INSERT INTO [dbo].[permissaomenu] ([IdGrupo],[IdMenu],[PermissaoLeitura],[PermissaoAlteracao],[PermissaoExclusao],[PermissaoInclusao])VALUES(1,7420,'S','S','S','S')
INSERT INTO [dbo].[permissaomenu] ([IdGrupo],[IdMenu],[PermissaoLeitura],[PermissaoAlteracao],[PermissaoExclusao],[PermissaoInclusao])VALUES(1,7422,'S','S','S','S')
INSERT INTO [dbo].[permissaomenu] ([IdGrupo],[IdMenu],[PermissaoLeitura],[PermissaoAlteracao],[PermissaoExclusao],[PermissaoInclusao])VALUES(1,7425,'S','S','S','S')
INSERT INTO [dbo].[permissaomenu] ([IdGrupo],[IdMenu],[PermissaoLeitura],[PermissaoAlteracao],[PermissaoExclusao],[PermissaoInclusao])VALUES(1,7430,'S','S','S','S')
INSERT INTO [dbo].[permissaomenu] ([IdGrupo],[IdMenu],[PermissaoLeitura],[PermissaoAlteracao],[PermissaoExclusao],[PermissaoInclusao])VALUES(1,7500,'S','S','S','S')
INSERT INTO [dbo].[permissaomenu] ([IdGrupo],[IdMenu],[PermissaoLeitura],[PermissaoAlteracao],[PermissaoExclusao],[PermissaoInclusao])VALUES(1,7510,'S','S','S','S')
INSERT INTO [dbo].[permissaomenu] ([IdGrupo],[IdMenu],[PermissaoLeitura],[PermissaoAlteracao],[PermissaoExclusao],[PermissaoInclusao])VALUES(1,7520,'S','S','S','S')
INSERT INTO [dbo].[permissaomenu] ([IdGrupo],[IdMenu],[PermissaoLeitura],[PermissaoAlteracao],[PermissaoExclusao],[PermissaoInclusao])VALUES(1,7600,'S','S','S','S')
INSERT INTO [dbo].[permissaomenu] ([IdGrupo],[IdMenu],[PermissaoLeitura],[PermissaoAlteracao],[PermissaoExclusao],[PermissaoInclusao])VALUES(1,7610,'S','S','S','S')
INSERT INTO [dbo].[permissaomenu] ([IdGrupo],[IdMenu],[PermissaoLeitura],[PermissaoAlteracao],[PermissaoExclusao],[PermissaoInclusao])VALUES(1,7620,'S','S','S','S')
INSERT INTO [dbo].[permissaomenu] ([IdGrupo],[IdMenu],[PermissaoLeitura],[PermissaoAlteracao],[PermissaoExclusao],[PermissaoInclusao])VALUES(1,7700,'S','S','S','S')
INSERT INTO [dbo].[permissaomenu] ([IdGrupo],[IdMenu],[PermissaoLeitura],[PermissaoAlteracao],[PermissaoExclusao],[PermissaoInclusao])VALUES(1,9000,'S','S','S','S')
INSERT INTO [dbo].[permissaomenu] ([IdGrupo],[IdMenu],[PermissaoLeitura],[PermissaoAlteracao],[PermissaoExclusao],[PermissaoInclusao])VALUES(1,9010,'S','S','S','S')
INSERT INTO [dbo].[permissaomenu] ([IdGrupo],[IdMenu],[PermissaoLeitura],[PermissaoAlteracao],[PermissaoExclusao],[PermissaoInclusao])VALUES(1,9020,'S','S','S','S')
INSERT INTO [dbo].[permissaomenu] ([IdGrupo],[IdMenu],[PermissaoLeitura],[PermissaoAlteracao],[PermissaoExclusao],[PermissaoInclusao])VALUES(1,9030,'S','S','S','S')
INSERT INTO [dbo].[permissaomenu] ([IdGrupo],[IdMenu],[PermissaoLeitura],[PermissaoAlteracao],[PermissaoExclusao],[PermissaoInclusao])VALUES(1,9035,'S','S','S','S')
INSERT INTO [dbo].[permissaomenu] ([IdGrupo],[IdMenu],[PermissaoLeitura],[PermissaoAlteracao],[PermissaoExclusao],[PermissaoInclusao])VALUES(1,9040,'S','S','S','S')
INSERT INTO [dbo].[permissaomenu] ([IdGrupo],[IdMenu],[PermissaoLeitura],[PermissaoAlteracao],[PermissaoExclusao],[PermissaoInclusao])VALUES(1,9045,'S','S','S','S')
INSERT INTO [dbo].[permissaomenu] ([IdGrupo],[IdMenu],[PermissaoLeitura],[PermissaoAlteracao],[PermissaoExclusao],[PermissaoInclusao])VALUES(1,9050,'S','S','S','S')
go
INSERT INTO [dbo].[permissaomenu] ([IdGrupo],[IdMenu],[PermissaoLeitura],[PermissaoAlteracao],[PermissaoExclusao],[PermissaoInclusao])VALUES(1,9060,'S','S','S','S')
INSERT INTO [dbo].[permissaomenu] ([IdGrupo],[IdMenu],[PermissaoLeitura],[PermissaoAlteracao],[PermissaoExclusao],[PermissaoInclusao])VALUES(1,10000,'S','S','S','S')
INSERT INTO [dbo].[permissaomenu] ([IdGrupo],[IdMenu],[PermissaoLeitura],[PermissaoAlteracao],[PermissaoExclusao],[PermissaoInclusao])VALUES(1,10100,'S','S','S','S')
INSERT INTO [dbo].[permissaomenu] ([IdGrupo],[IdMenu],[PermissaoLeitura],[PermissaoAlteracao],[PermissaoExclusao],[PermissaoInclusao])VALUES(1,10120,'S','S','S','S')
INSERT INTO [dbo].[permissaomenu] ([IdGrupo],[IdMenu],[PermissaoLeitura],[PermissaoAlteracao],[PermissaoExclusao],[PermissaoInclusao])VALUES(1,10140,'S','S','S','S')
INSERT INTO [dbo].[permissaomenu] ([IdGrupo],[IdMenu],[PermissaoLeitura],[PermissaoAlteracao],[PermissaoExclusao],[PermissaoInclusao])VALUES(1,10160,'S','S','S','S')
INSERT INTO [dbo].[permissaomenu] ([IdGrupo],[IdMenu],[PermissaoLeitura],[PermissaoAlteracao],[PermissaoExclusao],[PermissaoInclusao])VALUES(1,10180,'S','S','S','S')
INSERT INTO [dbo].[permissaomenu] ([IdGrupo],[IdMenu],[PermissaoLeitura],[PermissaoAlteracao],[PermissaoExclusao],[PermissaoInclusao])VALUES(1,10200,'S','S','S','S')
INSERT INTO [dbo].[permissaomenu] ([IdGrupo],[IdMenu],[PermissaoLeitura],[PermissaoAlteracao],[PermissaoExclusao],[PermissaoInclusao])VALUES(1,10220,'S','S','S','S')
INSERT INTO [dbo].[permissaomenu] ([IdGrupo],[IdMenu],[PermissaoLeitura],[PermissaoAlteracao],[PermissaoExclusao],[PermissaoInclusao])VALUES(1,10240,'S','S','S','S')
INSERT INTO [dbo].[permissaomenu] ([IdGrupo],[IdMenu],[PermissaoLeitura],[PermissaoAlteracao],[PermissaoExclusao],[PermissaoInclusao])VALUES(1,10245,'S','S','S','S')
INSERT INTO [dbo].[permissaomenu] ([IdGrupo],[IdMenu],[PermissaoLeitura],[PermissaoAlteracao],[PermissaoExclusao],[PermissaoInclusao])VALUES(1,10250,'S','S','S','S')
INSERT INTO [dbo].[permissaomenu] ([IdGrupo],[IdMenu],[PermissaoLeitura],[PermissaoAlteracao],[PermissaoExclusao],[PermissaoInclusao])VALUES(1,10260,'S','S','S','S')
INSERT INTO [dbo].[permissaomenu] ([IdGrupo],[IdMenu],[PermissaoLeitura],[PermissaoAlteracao],[PermissaoExclusao],[PermissaoInclusao])VALUES(1,11000,'S','S','S','S')
INSERT INTO [dbo].[permissaomenu] ([IdGrupo],[IdMenu],[PermissaoLeitura],[PermissaoAlteracao],[PermissaoExclusao],[PermissaoInclusao])VALUES(1,11100,'S','S','S','S')
INSERT INTO [dbo].[permissaomenu] ([IdGrupo],[IdMenu],[PermissaoLeitura],[PermissaoAlteracao],[PermissaoExclusao],[PermissaoInclusao])VALUES(1,11200,'S','S','S','S')
INSERT INTO [dbo].[permissaomenu] ([IdGrupo],[IdMenu],[PermissaoLeitura],[PermissaoAlteracao],[PermissaoExclusao],[PermissaoInclusao])VALUES(1,11210,'S','S','S','S')
INSERT INTO [dbo].[permissaomenu] ([IdGrupo],[IdMenu],[PermissaoLeitura],[PermissaoAlteracao],[PermissaoExclusao],[PermissaoInclusao])VALUES(1,11220,'S','S','S','S')
INSERT INTO [dbo].[permissaomenu] ([IdGrupo],[IdMenu],[PermissaoLeitura],[PermissaoAlteracao],[PermissaoExclusao],[PermissaoInclusao])VALUES(1,11230,'S','S','S','S')
INSERT INTO [dbo].[permissaomenu] ([IdGrupo],[IdMenu],[PermissaoLeitura],[PermissaoAlteracao],[PermissaoExclusao],[PermissaoInclusao])VALUES(1,11240,'S','S','S','S')
INSERT INTO [dbo].[permissaomenu] ([IdGrupo],[IdMenu],[PermissaoLeitura],[PermissaoAlteracao],[PermissaoExclusao],[PermissaoInclusao])VALUES(1,11250,'S','S','S','S')
INSERT INTO [dbo].[permissaomenu] ([IdGrupo],[IdMenu],[PermissaoLeitura],[PermissaoAlteracao],[PermissaoExclusao],[PermissaoInclusao])VALUES(1,11260,'S','S','S','S')
INSERT INTO [dbo].[permissaomenu] ([IdGrupo],[IdMenu],[PermissaoLeitura],[PermissaoAlteracao],[PermissaoExclusao],[PermissaoInclusao])VALUES(1,11270,'S','S','S','S')
INSERT INTO [dbo].[permissaomenu] ([IdGrupo],[IdMenu],[PermissaoLeitura],[PermissaoAlteracao],[PermissaoExclusao],[PermissaoInclusao])VALUES(1,11280,'S','S','S','S')
INSERT INTO [dbo].[permissaomenu] ([IdGrupo],[IdMenu],[PermissaoLeitura],[PermissaoAlteracao],[PermissaoExclusao],[PermissaoInclusao])VALUES(1,11400,'S','S','S','S')
INSERT INTO [dbo].[permissaomenu] ([IdGrupo],[IdMenu],[PermissaoLeitura],[PermissaoAlteracao],[PermissaoExclusao],[PermissaoInclusao])VALUES(1,11420,'S','S','S','S')
INSERT INTO [dbo].[permissaomenu] ([IdGrupo],[IdMenu],[PermissaoLeitura],[PermissaoAlteracao],[PermissaoExclusao],[PermissaoInclusao])VALUES(1,11440,'S','S','S','S')
INSERT INTO [dbo].[permissaomenu] ([IdGrupo],[IdMenu],[PermissaoLeitura],[PermissaoAlteracao],[PermissaoExclusao],[PermissaoInclusao])VALUES(1,13000,'S','S','S','S')
INSERT INTO [dbo].[permissaomenu] ([IdGrupo],[IdMenu],[PermissaoLeitura],[PermissaoAlteracao],[PermissaoExclusao],[PermissaoInclusao])VALUES(1,13100,'S','S','S','S')
INSERT INTO [dbo].[permissaomenu] ([IdGrupo],[IdMenu],[PermissaoLeitura],[PermissaoAlteracao],[PermissaoExclusao],[PermissaoInclusao])VALUES(1,13110,'S','S','S','S')
INSERT INTO [dbo].[permissaomenu] ([IdGrupo],[IdMenu],[PermissaoLeitura],[PermissaoAlteracao],[PermissaoExclusao],[PermissaoInclusao])VALUES(1,13120,'S','S','S','S')
INSERT INTO [dbo].[permissaomenu] ([IdGrupo],[IdMenu],[PermissaoLeitura],[PermissaoAlteracao],[PermissaoExclusao],[PermissaoInclusao])VALUES(1,13130,'S','S','S','S')
INSERT INTO [dbo].[permissaomenu] ([IdGrupo],[IdMenu],[PermissaoLeitura],[PermissaoAlteracao],[PermissaoExclusao],[PermissaoInclusao])VALUES(1,13140,'S','S','S','S')
INSERT INTO [dbo].[permissaomenu] ([IdGrupo],[IdMenu],[PermissaoLeitura],[PermissaoAlteracao],[PermissaoExclusao],[PermissaoInclusao])VALUES(1,13150,'S','S','S','S')
INSERT INTO [dbo].[permissaomenu] ([IdGrupo],[IdMenu],[PermissaoLeitura],[PermissaoAlteracao],[PermissaoExclusao],[PermissaoInclusao])VALUES(1,13160,'S','S','S','S')
INSERT INTO [dbo].[permissaomenu] ([IdGrupo],[IdMenu],[PermissaoLeitura],[PermissaoAlteracao],[PermissaoExclusao],[PermissaoInclusao])VALUES(1,14000,'S','S','S','S')
INSERT INTO [dbo].[permissaomenu] ([IdGrupo],[IdMenu],[PermissaoLeitura],[PermissaoAlteracao],[PermissaoExclusao],[PermissaoInclusao])VALUES(1,14100,'S','S','S','S')
INSERT INTO [dbo].[permissaomenu] ([IdGrupo],[IdMenu],[PermissaoLeitura],[PermissaoAlteracao],[PermissaoExclusao],[PermissaoInclusao])VALUES(1,14120,'S','S','S','S')
INSERT INTO [dbo].[permissaomenu] ([IdGrupo],[IdMenu],[PermissaoLeitura],[PermissaoAlteracao],[PermissaoExclusao],[PermissaoInclusao])VALUES(1,14123,'S','S','S','S')
INSERT INTO [dbo].[permissaomenu] ([IdGrupo],[IdMenu],[PermissaoLeitura],[PermissaoAlteracao],[PermissaoExclusao],[PermissaoInclusao])VALUES(1,14125,'S','S','S','S')
INSERT INTO [dbo].[permissaomenu] ([IdGrupo],[IdMenu],[PermissaoLeitura],[PermissaoAlteracao],[PermissaoExclusao],[PermissaoInclusao])VALUES(1,14130,'S','S','S','S')
go
INSERT INTO [dbo].[permissaomenu] ([IdGrupo],[IdMenu],[PermissaoLeitura],[PermissaoAlteracao],[PermissaoExclusao],[PermissaoInclusao])VALUES(1,14140,'S','S','S','S')
INSERT INTO [dbo].[permissaomenu] ([IdGrupo],[IdMenu],[PermissaoLeitura],[PermissaoAlteracao],[PermissaoExclusao],[PermissaoInclusao])VALUES(1,14200,'S','S','S','S')
INSERT INTO [dbo].[permissaomenu] ([IdGrupo],[IdMenu],[PermissaoLeitura],[PermissaoAlteracao],[PermissaoExclusao],[PermissaoInclusao])VALUES(1,14220,'S','S','S','S')
INSERT INTO [dbo].[permissaomenu] ([IdGrupo],[IdMenu],[PermissaoLeitura],[PermissaoAlteracao],[PermissaoExclusao],[PermissaoInclusao])VALUES(1,14230,'S','S','S','S')
INSERT INTO [dbo].[permissaomenu] ([IdGrupo],[IdMenu],[PermissaoLeitura],[PermissaoAlteracao],[PermissaoExclusao],[PermissaoInclusao])VALUES(1,14240,'S','S','S','S')
INSERT INTO [dbo].[permissaomenu] ([IdGrupo],[IdMenu],[PermissaoLeitura],[PermissaoAlteracao],[PermissaoExclusao],[PermissaoInclusao])VALUES(1,14250,'S','S','S','S')
INSERT INTO [dbo].[permissaomenu] ([IdGrupo],[IdMenu],[PermissaoLeitura],[PermissaoAlteracao],[PermissaoExclusao],[PermissaoInclusao])VALUES(1,14500,'S','S','S','S')
INSERT INTO [dbo].[permissaomenu] ([IdGrupo],[IdMenu],[PermissaoLeitura],[PermissaoAlteracao],[PermissaoExclusao],[PermissaoInclusao])VALUES(1,14520,'S','S','S','S')
INSERT INTO [dbo].[permissaomenu] ([IdGrupo],[IdMenu],[PermissaoLeitura],[PermissaoAlteracao],[PermissaoExclusao],[PermissaoInclusao])VALUES(1,14530,'S','S','S','S')
INSERT INTO [dbo].[permissaomenu] ([IdGrupo],[IdMenu],[PermissaoLeitura],[PermissaoAlteracao],[PermissaoExclusao],[PermissaoInclusao])VALUES(1,14540,'S','S','S','S')
INSERT INTO [dbo].[permissaomenu] ([IdGrupo],[IdMenu],[PermissaoLeitura],[PermissaoAlteracao],[PermissaoExclusao],[PermissaoInclusao])VALUES(1,14560,'S','S','S','S')
INSERT INTO [dbo].[permissaomenu] ([IdGrupo],[IdMenu],[PermissaoLeitura],[PermissaoAlteracao],[PermissaoExclusao],[PermissaoInclusao])VALUES(1,14570,'S','S','S','S')
INSERT INTO [dbo].[permissaomenu] ([IdGrupo],[IdMenu],[PermissaoLeitura],[PermissaoAlteracao],[PermissaoExclusao],[PermissaoInclusao])VALUES(1,14580,'S','S','S','S')
INSERT INTO [dbo].[permissaomenu] ([IdGrupo],[IdMenu],[PermissaoLeitura],[PermissaoAlteracao],[PermissaoExclusao],[PermissaoInclusao])VALUES(1,14600,'S','S','S','S')
INSERT INTO [dbo].[permissaomenu] ([IdGrupo],[IdMenu],[PermissaoLeitura],[PermissaoAlteracao],[PermissaoExclusao],[PermissaoInclusao])VALUES(1,14620,'S','S','S','S')
INSERT INTO [dbo].[permissaomenu] ([IdGrupo],[IdMenu],[PermissaoLeitura],[PermissaoAlteracao],[PermissaoExclusao],[PermissaoInclusao])VALUES(1,14625,'S','S','S','S')
INSERT INTO [dbo].[permissaomenu] ([IdGrupo],[IdMenu],[PermissaoLeitura],[PermissaoAlteracao],[PermissaoExclusao],[PermissaoInclusao])VALUES(1,15000,'S','S','S','S')
INSERT INTO [dbo].[permissaomenu] ([IdGrupo],[IdMenu],[PermissaoLeitura],[PermissaoAlteracao],[PermissaoExclusao],[PermissaoInclusao])VALUES(1,15010,'S','S','S','S')
INSERT INTO [dbo].[permissaomenu] ([IdGrupo],[IdMenu],[PermissaoLeitura],[PermissaoAlteracao],[PermissaoExclusao],[PermissaoInclusao])VALUES(1,15020,'S','S','S','S')
INSERT INTO [dbo].[permissaomenu] ([IdGrupo],[IdMenu],[PermissaoLeitura],[PermissaoAlteracao],[PermissaoExclusao],[PermissaoInclusao])VALUES(1,15100,'S','S','S','S')
INSERT INTO [dbo].[permissaomenu] ([IdGrupo],[IdMenu],[PermissaoLeitura],[PermissaoAlteracao],[PermissaoExclusao],[PermissaoInclusao])VALUES(1,15110,'S','S','S','S')
INSERT INTO [dbo].[permissaomenu] ([IdGrupo],[IdMenu],[PermissaoLeitura],[PermissaoAlteracao],[PermissaoExclusao],[PermissaoInclusao])VALUES(1,15115,'S','S','S','S')
INSERT INTO [dbo].[permissaomenu] ([IdGrupo],[IdMenu],[PermissaoLeitura],[PermissaoAlteracao],[PermissaoExclusao],[PermissaoInclusao])VALUES(1,15116,'S','S','S','S')
INSERT INTO [dbo].[permissaomenu] ([IdGrupo],[IdMenu],[PermissaoLeitura],[PermissaoAlteracao],[PermissaoExclusao],[PermissaoInclusao])VALUES(1,15120,'S','S','S','S')
INSERT INTO [dbo].[permissaomenu] ([IdGrupo],[IdMenu],[PermissaoLeitura],[PermissaoAlteracao],[PermissaoExclusao],[PermissaoInclusao])VALUES(1,15130,'S','S','S','S')
INSERT INTO [dbo].[permissaomenu] ([IdGrupo],[IdMenu],[PermissaoLeitura],[PermissaoAlteracao],[PermissaoExclusao],[PermissaoInclusao])VALUES(1,15140,'S','S','S','S')
INSERT INTO [dbo].[permissaomenu] ([IdGrupo],[IdMenu],[PermissaoLeitura],[PermissaoAlteracao],[PermissaoExclusao],[PermissaoInclusao])VALUES(1,15150,'S','S','S','S')
INSERT INTO [dbo].[permissaomenu] ([IdGrupo],[IdMenu],[PermissaoLeitura],[PermissaoAlteracao],[PermissaoExclusao],[PermissaoInclusao])VALUES(1,15160,'S','S','S','S')
go
INSERT INTO [dbo].[permissaomenu] ([IdGrupo],[IdMenu],[PermissaoLeitura],[PermissaoAlteracao],[PermissaoExclusao],[PermissaoInclusao])VALUES(1,15170,'S','S','S','S')
INSERT INTO [dbo].[permissaomenu] ([IdGrupo],[IdMenu],[PermissaoLeitura],[PermissaoAlteracao],[PermissaoExclusao],[PermissaoInclusao])VALUES(1,15180,'S','S','S','S')
INSERT INTO [dbo].[permissaomenu] ([IdGrupo],[IdMenu],[PermissaoLeitura],[PermissaoAlteracao],[PermissaoExclusao],[PermissaoInclusao])VALUES(1,15185,'S','S','S','S')
INSERT INTO [dbo].[permissaomenu] ([IdGrupo],[IdMenu],[PermissaoLeitura],[PermissaoAlteracao],[PermissaoExclusao],[PermissaoInclusao])VALUES(1,15190,'S','S','S','S')
INSERT INTO [dbo].[permissaomenu] ([IdGrupo],[IdMenu],[PermissaoLeitura],[PermissaoAlteracao],[PermissaoExclusao],[PermissaoInclusao])VALUES(1,15200,'S','S','S','S')
INSERT INTO [dbo].[permissaomenu] ([IdGrupo],[IdMenu],[PermissaoLeitura],[PermissaoAlteracao],[PermissaoExclusao],[PermissaoInclusao])VALUES(1,15210,'S','S','S','S')
INSERT INTO [dbo].[permissaomenu] ([IdGrupo],[IdMenu],[PermissaoLeitura],[PermissaoAlteracao],[PermissaoExclusao],[PermissaoInclusao])VALUES(1,15220,'S','S','S','S')
INSERT INTO [dbo].[permissaomenu] ([IdGrupo],[IdMenu],[PermissaoLeitura],[PermissaoAlteracao],[PermissaoExclusao],[PermissaoInclusao])VALUES(1,15230,'S','S','S','S')
INSERT INTO [dbo].[permissaomenu] ([IdGrupo],[IdMenu],[PermissaoLeitura],[PermissaoAlteracao],[PermissaoExclusao],[PermissaoInclusao])VALUES(1,15240,'S','S','S','S')
INSERT INTO [dbo].[permissaomenu] ([IdGrupo],[IdMenu],[PermissaoLeitura],[PermissaoAlteracao],[PermissaoExclusao],[PermissaoInclusao])VALUES(1,16000,'S','S','S','S')
INSERT INTO [dbo].[permissaomenu] ([IdGrupo],[IdMenu],[PermissaoLeitura],[PermissaoAlteracao],[PermissaoExclusao],[PermissaoInclusao])VALUES(1,16100,'S','S','S','S')
INSERT INTO [dbo].[permissaomenu] ([IdGrupo],[IdMenu],[PermissaoLeitura],[PermissaoAlteracao],[PermissaoExclusao],[PermissaoInclusao])VALUES(1,16110,'S','S','S','S')
INSERT INTO [dbo].[permissaomenu] ([IdGrupo],[IdMenu],[PermissaoLeitura],[PermissaoAlteracao],[PermissaoExclusao],[PermissaoInclusao])VALUES(1,16120,'S','S','S','S')
INSERT INTO [dbo].[permissaomenu] ([IdGrupo],[IdMenu],[PermissaoLeitura],[PermissaoAlteracao],[PermissaoExclusao],[PermissaoInclusao])VALUES(1,16130,'S','S','S','S')
INSERT INTO [dbo].[permissaomenu] ([IdGrupo],[IdMenu],[PermissaoLeitura],[PermissaoAlteracao],[PermissaoExclusao],[PermissaoInclusao])VALUES(1,16200,'S','S','S','S')
INSERT INTO [dbo].[permissaomenu] ([IdGrupo],[IdMenu],[PermissaoLeitura],[PermissaoAlteracao],[PermissaoExclusao],[PermissaoInclusao])VALUES(1,16800,'S','S','S','S')
INSERT INTO [dbo].[permissaomenu] ([IdGrupo],[IdMenu],[PermissaoLeitura],[PermissaoAlteracao],[PermissaoExclusao],[PermissaoInclusao])VALUES(1,16805,'S','S','S','S')
INSERT INTO [dbo].[permissaomenu] ([IdGrupo],[IdMenu],[PermissaoLeitura],[PermissaoAlteracao],[PermissaoExclusao],[PermissaoInclusao])VALUES(1,16810,'S','S','S','S')
INSERT INTO [dbo].[permissaomenu] ([IdGrupo],[IdMenu],[PermissaoLeitura],[PermissaoAlteracao],[PermissaoExclusao],[PermissaoInclusao])VALUES(1,16815,'S','S','S','S')
INSERT INTO [dbo].[permissaomenu] ([IdGrupo],[IdMenu],[PermissaoLeitura],[PermissaoAlteracao],[PermissaoExclusao],[PermissaoInclusao])VALUES(1,18700,'S','S','S','S')
INSERT INTO [dbo].[permissaomenu] ([IdGrupo],[IdMenu],[PermissaoLeitura],[PermissaoAlteracao],[PermissaoExclusao],[PermissaoInclusao])VALUES(1,18705,'S','S','S','S')
INSERT INTO [dbo].[permissaomenu] ([IdGrupo],[IdMenu],[PermissaoLeitura],[PermissaoAlteracao],[PermissaoExclusao],[PermissaoInclusao])VALUES(1,18710,'S','S','S','S')
INSERT INTO [dbo].[permissaomenu] ([IdGrupo],[IdMenu],[PermissaoLeitura],[PermissaoAlteracao],[PermissaoExclusao],[PermissaoInclusao])VALUES(1,17500,'S','S','S','S')
INSERT INTO [dbo].[permissaomenu] ([IdGrupo],[IdMenu],[PermissaoLeitura],[PermissaoAlteracao],[PermissaoExclusao],[PermissaoInclusao])VALUES(1,17510,'S','S','S','S')
INSERT INTO [dbo].[permissaomenu] ([IdGrupo],[IdMenu],[PermissaoLeitura],[PermissaoAlteracao],[PermissaoExclusao],[PermissaoInclusao])VALUES(1,17520,'S','S','S','S')
INSERT INTO [dbo].[permissaomenu] ([IdGrupo],[IdMenu],[PermissaoLeitura],[PermissaoAlteracao],[PermissaoExclusao],[PermissaoInclusao])VALUES(1,17530,'S','S','S','S')
INSERT INTO [dbo].[permissaomenu] ([IdGrupo],[IdMenu],[PermissaoLeitura],[PermissaoAlteracao],[PermissaoExclusao],[PermissaoInclusao])VALUES(1,17540,'S','S','S','S')
INSERT INTO [dbo].[permissaomenu] ([IdGrupo],[IdMenu],[PermissaoLeitura],[PermissaoAlteracao],[PermissaoExclusao],[PermissaoInclusao])VALUES(1,17550,'S','S','S','S')
INSERT INTO [dbo].[permissaomenu] ([IdGrupo],[IdMenu],[PermissaoLeitura],[PermissaoAlteracao],[PermissaoExclusao],[PermissaoInclusao])VALUES(1,17570,'S','S','S','S')
INSERT INTO [dbo].[permissaomenu] ([IdGrupo],[IdMenu],[PermissaoLeitura],[PermissaoAlteracao],[PermissaoExclusao],[PermissaoInclusao])VALUES(1,17580,'S','S','S','S')
INSERT INTO [dbo].[permissaomenu] ([IdGrupo],[IdMenu],[PermissaoLeitura],[PermissaoAlteracao],[PermissaoExclusao],[PermissaoInclusao])VALUES(1,18000,'S','S','S','S')
INSERT INTO [dbo].[permissaomenu] ([IdGrupo],[IdMenu],[PermissaoLeitura],[PermissaoAlteracao],[PermissaoExclusao],[PermissaoInclusao])VALUES(1,18100,'S','S','S','S')
INSERT INTO [dbo].[permissaomenu] ([IdGrupo],[IdMenu],[PermissaoLeitura],[PermissaoAlteracao],[PermissaoExclusao],[PermissaoInclusao])VALUES(1,18110,'S','S','S','S')
INSERT INTO [dbo].[permissaomenu] ([IdGrupo],[IdMenu],[PermissaoLeitura],[PermissaoAlteracao],[PermissaoExclusao],[PermissaoInclusao])VALUES(1,18120,'S','S','S','S')
INSERT INTO [dbo].[permissaomenu] ([IdGrupo],[IdMenu],[PermissaoLeitura],[PermissaoAlteracao],[PermissaoExclusao],[PermissaoInclusao])VALUES(1,18130,'S','S','S','S')
INSERT INTO [dbo].[permissaomenu] ([IdGrupo],[IdMenu],[PermissaoLeitura],[PermissaoAlteracao],[PermissaoExclusao],[PermissaoInclusao])VALUES(1,18140,'S','S','S','S')
INSERT INTO [dbo].[permissaomenu] ([IdGrupo],[IdMenu],[PermissaoLeitura],[PermissaoAlteracao],[PermissaoExclusao],[PermissaoInclusao])VALUES(1,18150,'S','S','S','S')
INSERT INTO [dbo].[permissaomenu] ([IdGrupo],[IdMenu],[PermissaoLeitura],[PermissaoAlteracao],[PermissaoExclusao],[PermissaoInclusao])VALUES(1,18160,'S','S','S','S')
INSERT INTO [dbo].[permissaomenu] ([IdGrupo],[IdMenu],[PermissaoLeitura],[PermissaoAlteracao],[PermissaoExclusao],[PermissaoInclusao])VALUES(1,18500,'S','S','S','S')
INSERT INTO [dbo].[permissaomenu] ([IdGrupo],[IdMenu],[PermissaoLeitura],[PermissaoAlteracao],[PermissaoExclusao],[PermissaoInclusao])VALUES(1,18510,'S','S','S','S')
INSERT INTO [dbo].[permissaomenu] ([IdGrupo],[IdMenu],[PermissaoLeitura],[PermissaoAlteracao],[PermissaoExclusao],[PermissaoInclusao])VALUES(1,18515,'S','S','S','S')
INSERT INTO [dbo].[permissaomenu] ([IdGrupo],[IdMenu],[PermissaoLeitura],[PermissaoAlteracao],[PermissaoExclusao],[PermissaoInclusao])VALUES(1,18520,'S','S','S','S')
INSERT INTO [dbo].[permissaomenu] ([IdGrupo],[IdMenu],[PermissaoLeitura],[PermissaoAlteracao],[PermissaoExclusao],[PermissaoInclusao])VALUES(1,18530,'S','S','S','S')
INSERT INTO [dbo].[permissaomenu] ([IdGrupo],[IdMenu],[PermissaoLeitura],[PermissaoAlteracao],[PermissaoExclusao],[PermissaoInclusao])VALUES(1,18540,'S','S','S','S')
go
INSERT INTO [dbo].[permissaomenu] ([IdGrupo],[IdMenu],[PermissaoLeitura],[PermissaoAlteracao],[PermissaoExclusao],[PermissaoInclusao])VALUES(1,18550,'S','S','S','S')
INSERT INTO [dbo].[permissaomenu] ([IdGrupo],[IdMenu],[PermissaoLeitura],[PermissaoAlteracao],[PermissaoExclusao],[PermissaoInclusao])VALUES(1,19000,'S','S','S','S')
INSERT INTO [dbo].[permissaomenu] ([IdGrupo],[IdMenu],[PermissaoLeitura],[PermissaoAlteracao],[PermissaoExclusao],[PermissaoInclusao])VALUES(1,19100,'S','S','S','S')
INSERT INTO [dbo].[permissaomenu] ([IdGrupo],[IdMenu],[PermissaoLeitura],[PermissaoAlteracao],[PermissaoExclusao],[PermissaoInclusao])VALUES(1,20000,'S','S','S','S')
INSERT INTO [dbo].[permissaomenu] ([IdGrupo],[IdMenu],[PermissaoLeitura],[PermissaoAlteracao],[PermissaoExclusao],[PermissaoInclusao])VALUES(1,20100,'S','S','S','S')
INSERT INTO [dbo].[permissaomenu] ([IdGrupo],[IdMenu],[PermissaoLeitura],[PermissaoAlteracao],[PermissaoExclusao],[PermissaoInclusao])VALUES(1,20110,'S','S','S','S')
INSERT INTO [dbo].[permissaomenu] ([IdGrupo],[IdMenu],[PermissaoLeitura],[PermissaoAlteracao],[PermissaoExclusao],[PermissaoInclusao])VALUES(1,20120,'S','S','S','S')
INSERT INTO [dbo].[permissaomenu] ([IdGrupo],[IdMenu],[PermissaoLeitura],[PermissaoAlteracao],[PermissaoExclusao],[PermissaoInclusao])VALUES(1,20130,'S','S','S','S')
INSERT INTO [dbo].[permissaomenu] ([IdGrupo],[IdMenu],[PermissaoLeitura],[PermissaoAlteracao],[PermissaoExclusao],[PermissaoInclusao])VALUES(1,20140,'S','S','S','S')
INSERT INTO [dbo].[permissaomenu] ([IdGrupo],[IdMenu],[PermissaoLeitura],[PermissaoAlteracao],[PermissaoExclusao],[PermissaoInclusao])VALUES(1,20150,'S','S','S','S')
INSERT INTO [dbo].[permissaomenu] ([IdGrupo],[IdMenu],[PermissaoLeitura],[PermissaoAlteracao],[PermissaoExclusao],[PermissaoInclusao])VALUES(1,20160,'S','S','S','S')
INSERT INTO [dbo].[permissaomenu] ([IdGrupo],[IdMenu],[PermissaoLeitura],[PermissaoAlteracao],[PermissaoExclusao],[PermissaoInclusao])VALUES(1,20170,'S','S','S','S')
INSERT INTO [dbo].[permissaomenu] ([IdGrupo],[IdMenu],[PermissaoLeitura],[PermissaoAlteracao],[PermissaoExclusao],[PermissaoInclusao])VALUES(1,20180,'S','S','S','S')
INSERT INTO [dbo].[permissaomenu] ([IdGrupo],[IdMenu],[PermissaoLeitura],[PermissaoAlteracao],[PermissaoExclusao],[PermissaoInclusao])VALUES(1,20190,'S','S','S','S')
INSERT INTO [dbo].[permissaomenu] ([IdGrupo],[IdMenu],[PermissaoLeitura],[PermissaoAlteracao],[PermissaoExclusao],[PermissaoInclusao])VALUES(1,21000,'S','S','S','S')
INSERT INTO [dbo].[permissaomenu] ([IdGrupo],[IdMenu],[PermissaoLeitura],[PermissaoAlteracao],[PermissaoExclusao],[PermissaoInclusao])VALUES(1,21100,'S','S','S','S')
INSERT INTO [dbo].[permissaomenu] ([IdGrupo],[IdMenu],[PermissaoLeitura],[PermissaoAlteracao],[PermissaoExclusao],[PermissaoInclusao])VALUES(1,21110,'S','S','S','S')
INSERT INTO [dbo].[permissaomenu] ([IdGrupo],[IdMenu],[PermissaoLeitura],[PermissaoAlteracao],[PermissaoExclusao],[PermissaoInclusao])VALUES(1,21120,'S','S','S','S')
INSERT INTO [dbo].[permissaomenu] ([IdGrupo],[IdMenu],[PermissaoLeitura],[PermissaoAlteracao],[PermissaoExclusao],[PermissaoInclusao])VALUES(1,21500,'S','S','S','S')
INSERT INTO [dbo].[permissaomenu] ([IdGrupo],[IdMenu],[PermissaoLeitura],[PermissaoAlteracao],[PermissaoExclusao],[PermissaoInclusao])VALUES(1,21510,'S','S','S','S')
INSERT INTO [dbo].[permissaomenu] ([IdGrupo],[IdMenu],[PermissaoLeitura],[PermissaoAlteracao],[PermissaoExclusao],[PermissaoInclusao])VALUES(1,22000,'S','S','S','S')
INSERT INTO [dbo].[permissaomenu] ([IdGrupo],[IdMenu],[PermissaoLeitura],[PermissaoAlteracao],[PermissaoExclusao],[PermissaoInclusao])VALUES(1,22100,'S','S','S','S')
INSERT INTO [dbo].[permissaomenu] ([IdGrupo],[IdMenu],[PermissaoLeitura],[PermissaoAlteracao],[PermissaoExclusao],[PermissaoInclusao])VALUES(1,22110,'S','S','S','S')
INSERT INTO [dbo].[permissaomenu] ([IdGrupo],[IdMenu],[PermissaoLeitura],[PermissaoAlteracao],[PermissaoExclusao],[PermissaoInclusao])VALUES(1,22200,'S','S','S','S')
INSERT INTO [dbo].[permissaomenu] ([IdGrupo],[IdMenu],[PermissaoLeitura],[PermissaoAlteracao],[PermissaoExclusao],[PermissaoInclusao])VALUES(1,22250,'S','S','S','S')
INSERT INTO [dbo].[permissaomenu] ([IdGrupo],[IdMenu],[PermissaoLeitura],[PermissaoAlteracao],[PermissaoExclusao],[PermissaoInclusao])VALUES(1,22260,'S','S','S','S')
INSERT INTO [dbo].[permissaomenu] ([IdGrupo],[IdMenu],[PermissaoLeitura],[PermissaoAlteracao],[PermissaoExclusao],[PermissaoInclusao])VALUES(1,22270,'S','S','S','S')
INSERT INTO [dbo].[permissaomenu] ([IdGrupo],[IdMenu],[PermissaoLeitura],[PermissaoAlteracao],[PermissaoExclusao],[PermissaoInclusao])VALUES(1,22280,'S','S','S','S')
INSERT INTO [dbo].[permissaomenu] ([IdGrupo],[IdMenu],[PermissaoLeitura],[PermissaoAlteracao],[PermissaoExclusao],[PermissaoInclusao])VALUES(1,23000,'S','S','S','S')
INSERT INTO [dbo].[permissaomenu] ([IdGrupo],[IdMenu],[PermissaoLeitura],[PermissaoAlteracao],[PermissaoExclusao],[PermissaoInclusao])VALUES(1,23100,'S','S','S','S')
INSERT INTO [dbo].[permissaomenu] ([IdGrupo],[IdMenu],[PermissaoLeitura],[PermissaoAlteracao],[PermissaoExclusao],[PermissaoInclusao])VALUES(1,23200,'S','S','S','S')
INSERT INTO [dbo].[permissaomenu] ([IdGrupo],[IdMenu],[PermissaoLeitura],[PermissaoAlteracao],[PermissaoExclusao],[PermissaoInclusao])VALUES(1,24000,'S','S','S','S')
INSERT INTO [dbo].[permissaomenu] ([IdGrupo],[IdMenu],[PermissaoLeitura],[PermissaoAlteracao],[PermissaoExclusao],[PermissaoInclusao])VALUES(1,24100,'S','S','S','S')
INSERT INTO [dbo].[permissaomenu] ([IdGrupo],[IdMenu],[PermissaoLeitura],[PermissaoAlteracao],[PermissaoExclusao],[PermissaoInclusao])VALUES(1,24200,'S','S','S','S')
INSERT INTO [dbo].[permissaomenu] ([IdGrupo],[IdMenu],[PermissaoLeitura],[PermissaoAlteracao],[PermissaoExclusao],[PermissaoInclusao])VALUES(1,25000,'S','S','S','S')
INSERT INTO [dbo].[permissaomenu] ([IdGrupo],[IdMenu],[PermissaoLeitura],[PermissaoAlteracao],[PermissaoExclusao],[PermissaoInclusao])VALUES(1,25100,'S','S','S','S')
INSERT INTO [dbo].[permissaomenu] ([IdGrupo],[IdMenu],[PermissaoLeitura],[PermissaoAlteracao],[PermissaoExclusao],[PermissaoInclusao])VALUES(1,25110,'S','S','S','S')
INSERT INTO [dbo].[permissaomenu] ([IdGrupo],[IdMenu],[PermissaoLeitura],[PermissaoAlteracao],[PermissaoExclusao],[PermissaoInclusao])VALUES(1,25200,'S','S','S','S')
INSERT INTO [dbo].[permissaomenu] ([IdGrupo],[IdMenu],[PermissaoLeitura],[PermissaoAlteracao],[PermissaoExclusao],[PermissaoInclusao])VALUES(1,25210,'S','S','S','S')
INSERT INTO [dbo].[permissaomenu] ([IdGrupo],[IdMenu],[PermissaoLeitura],[PermissaoAlteracao],[PermissaoExclusao],[PermissaoInclusao])VALUES(1,25220,'S','S','S','S')
INSERT INTO [dbo].[permissaomenu] ([IdGrupo],[IdMenu],[PermissaoLeitura],[PermissaoAlteracao],[PermissaoExclusao],[PermissaoInclusao])VALUES(1,25230,'S','S','S','S')
INSERT INTO [dbo].[permissaomenu] ([IdGrupo],[IdMenu],[PermissaoLeitura],[PermissaoAlteracao],[PermissaoExclusao],[PermissaoInclusao])VALUES(1,25240,'S','S','S','S')
INSERT INTO [dbo].[permissaomenu] ([IdGrupo],[IdMenu],[PermissaoLeitura],[PermissaoAlteracao],[PermissaoExclusao],[PermissaoInclusao])VALUES(1,25250,'S','S','S','S')
INSERT INTO [dbo].[permissaomenu] ([IdGrupo],[IdMenu],[PermissaoLeitura],[PermissaoAlteracao],[PermissaoExclusao],[PermissaoInclusao])VALUES(1,25300,'S','S','S','S')
INSERT INTO [dbo].[permissaomenu] ([IdGrupo],[IdMenu],[PermissaoLeitura],[PermissaoAlteracao],[PermissaoExclusao],[PermissaoInclusao])VALUES(1,25310,'S','S','S','S')
INSERT INTO [dbo].[permissaomenu] ([IdGrupo],[IdMenu],[PermissaoLeitura],[PermissaoAlteracao],[PermissaoExclusao],[PermissaoInclusao])VALUES(1,25320,'S','S','S','S')
INSERT INTO [dbo].[permissaomenu] ([IdGrupo],[IdMenu],[PermissaoLeitura],[PermissaoAlteracao],[PermissaoExclusao],[PermissaoInclusao])VALUES(1,25330,'S','S','S','S')
go
INSERT INTO [dbo].[permissaomenu] ([IdGrupo],[IdMenu],[PermissaoLeitura],[PermissaoAlteracao],[PermissaoExclusao],[PermissaoInclusao])VALUES(1,26000,'S','S','S','S')
INSERT INTO [dbo].[permissaomenu] ([IdGrupo],[IdMenu],[PermissaoLeitura],[PermissaoAlteracao],[PermissaoExclusao],[PermissaoInclusao])VALUES(1,26100,'S','S','S','S')
INSERT INTO [dbo].[permissaomenu] ([IdGrupo],[IdMenu],[PermissaoLeitura],[PermissaoAlteracao],[PermissaoExclusao],[PermissaoInclusao])VALUES(1,26110,'S','S','S','S')
INSERT INTO [dbo].[permissaomenu] ([IdGrupo],[IdMenu],[PermissaoLeitura],[PermissaoAlteracao],[PermissaoExclusao],[PermissaoInclusao])VALUES(1,26120,'S','S','S','S')
INSERT INTO [dbo].[permissaomenu] ([IdGrupo],[IdMenu],[PermissaoLeitura],[PermissaoAlteracao],[PermissaoExclusao],[PermissaoInclusao])VALUES(1,26130,'S','S','S','S')
INSERT INTO [dbo].[permissaomenu] ([IdGrupo],[IdMenu],[PermissaoLeitura],[PermissaoAlteracao],[PermissaoExclusao],[PermissaoInclusao])VALUES(1,26140,'S','S','S','S')
INSERT INTO [dbo].[permissaomenu] ([IdGrupo],[IdMenu],[PermissaoLeitura],[PermissaoAlteracao],[PermissaoExclusao],[PermissaoInclusao])VALUES(1,30000,'S','S','S','S')
INSERT INTO [dbo].[permissaomenu] ([IdGrupo],[IdMenu],[PermissaoLeitura],[PermissaoAlteracao],[PermissaoExclusao],[PermissaoInclusao])VALUES(1,40000,'S','S','S','S')
INSERT INTO [dbo].[permissaomenu] ([IdGrupo],[IdMenu],[PermissaoLeitura],[PermissaoAlteracao],[PermissaoExclusao],[PermissaoInclusao])VALUES(1,40050,'S','S','S','S')
INSERT INTO [dbo].[permissaomenu] ([IdGrupo],[IdMenu],[PermissaoLeitura],[PermissaoAlteracao],[PermissaoExclusao],[PermissaoInclusao])VALUES(1,40100,'S','S','S','S')
INSERT INTO [dbo].[permissaomenu] ([IdGrupo],[IdMenu],[PermissaoLeitura],[PermissaoAlteracao],[PermissaoExclusao],[PermissaoInclusao])VALUES(1,40120,'S','S','S','S')
INSERT INTO [dbo].[permissaomenu] ([IdGrupo],[IdMenu],[PermissaoLeitura],[PermissaoAlteracao],[PermissaoExclusao],[PermissaoInclusao])VALUES(1,40140,'S','S','S','S')
INSERT INTO [dbo].[permissaomenu] ([IdGrupo],[IdMenu],[PermissaoLeitura],[PermissaoAlteracao],[PermissaoExclusao],[PermissaoInclusao])VALUES(1,40160,'S','S','S','S')
INSERT INTO [dbo].[permissaomenu] ([IdGrupo],[IdMenu],[PermissaoLeitura],[PermissaoAlteracao],[PermissaoExclusao],[PermissaoInclusao])VALUES(1,40180,'S','S','S','S')
INSERT INTO [dbo].[permissaomenu] ([IdGrupo],[IdMenu],[PermissaoLeitura],[PermissaoAlteracao],[PermissaoExclusao],[PermissaoInclusao])VALUES(1,500000,'S','S','S','S')

go

--CONFIGURACAO
insert into [dbo].configuracao values (1, 'Tipo Visualizacao Bolsa', 2, null)
insert into [dbo].configuracao values (2, 'Prioridade Casamento Vencimento', 1, null)
insert into [dbo].configuracao values (3, 'MTM Termo Vendido', null, 'S')
insert into [dbo].configuracao values (4, 'Codigo Bovespa Default', 58, null)
insert into [dbo].configuracao values (5,'Compensa IR Daytrade', null, 'S')
INSERT INTO [dbo].configuracao VALUES (6, 'Ordem Entrada de Operações', 1, null)
INSERT INTO [dbo].configuracao VALUES (7, 'Custodia BTC', 2, null)
INSERT INTO [dbo].configuracao VALUES (8, 'Renovação Automática de Termo', null, 'S')
INSERT INTO [dbo].configuracao VALUES (9, 'Consolidação Custo Médio', null, 'S')
INSERT INTO [dbo].configuracao VALUES (10, 'Aplica Isenção IR Ações', 0, 'S')
insert into [dbo].configuracao values (11, 'Emite mensagem sem Cotacao (Bolsa)', null, 'N')
insert into [dbo].configuracao values (30, 'Desconto Socio BMF', 0.25, null)
insert into [dbo].configuracao values (31, 'Tipo Visualizacao BMF', 2, null)
insert into [dbo].configuracao values (32, 'Tipo Calculo Taxas BMF', 3, null)
insert into [dbo].configuracao values (40, 'Taxa Emolumento Swap', 0.75, null)
insert into [dbo].configuracao values (41, 'Percentual Registro Swap', 0.85, null)
insert into [dbo].configuracao values (42, 'Desconto Socio Swap', 0, null)
insert into [dbo].configuracao values (43, 'Emite mensagem sem Cotacao (RF)', null, 'N')
insert into [dbo].configuracao values (44, 'Controle de custódia de RF', 1, null)
insert into [dbo].configuracao values (45, 'Aliquota Unica Grossup', null, 'S')
insert into [dbo].configuracao values (100, 'Tratamento Cota Inexistente Fundo', 1, null)
insert into [dbo].configuracao values (101, 'Recalcula Cota', null, 'S')
INSERT INTO [dbo].configuracao VALUES (102, 'Cota Bruta', 1, NULL);
INSERT INTO [dbo].configuracao VALUES (103, 'ZeraCaixa', NULL, 'N');
INSERT INTO [dbo].configuracao VALUES (104, 'Retorno Benchmark', 2, NULL);
INSERT INTO [dbo].configuracao VALUES (105, 'Usa Cota Inicial Posicao IR', null, 'N');
INSERT INTO [dbo].configuracao VALUES (107, 'Retorno FDIC Ajustado', null, 'N');
INSERT INTO [dbo].configuracao VALUES (108, 'Distribuidor padrão', null, null);
INSERT INTO [dbo].configuracao VALUES (109, 'PfeeCotasFundos', null, 'N');
insert into [dbo].configuracao values (1000, 'Integra Bolsa', 0, null)
insert into [dbo].configuracao values (1001, 'Integra BMF', 0, null)
insert into [dbo].configuracao values (1002, 'Integra C/C', 0, null)
insert into [dbo].configuracao values (1003, 'Integra Renda Fixa', 0, null)
insert into [dbo].configuracao values (1020, 'CodigosSinacor', null, '0')
insert into [dbo].configuracao values (1030, 'SchemaSinacor', null, '')
insert into [dbo].configuracao values (1031, 'SchemaBTC', null, '')
insert into [dbo].configuracao values (2000, 'Tamanho Minimo Senha', 6, null)
insert into [dbo].configuracao values (2010, 'Tempo Expiração Senha', 45, null)
insert into [dbo].configuracao values (2020, 'Tentativas Bloqueio Senha', 3, null)
insert into [dbo].configuracao values (2030, 'Histórico Senhas', 6, null)
insert into [dbo].configuracao values (2040, 'Mínimo Caracter Especial Senha', 0, null)
insert into [dbo].configuracao values (2041, 'Mínimo Número Senha', 0, null)
insert into [dbo].configuracao values (2042, 'Letras Maisculas', 0, null)
insert into [dbo].configuracao values (2050, 'Janela de Tempo para Reset de Senha em Minutos', 10, null)
insert into [dbo].configuracao values (2060, 'Acesso Simultaneo', null, 'S')
INSERT INTO [dbo].configuracao VALUES (3000, 'Acões/Opções', Null, 'S')
INSERT INTO [dbo].configuracao VALUES (3001, 'Termo Ações', Null, 'S')
INSERT INTO [dbo].configuracao VALUES (3002, 'BTC/Aluguel Ações', Null, 'S')
INSERT INTO [dbo].configuracao VALUES (3003, 'BMF', Null, 'S')
INSERT INTO [dbo].configuracao VALUES (3004, 'Renda Fixa', Null, 'S')
INSERT INTO [dbo].configuracao VALUES (3005, 'Fundos', Null, 'S')
INSERT INTO [dbo].configuracao VALUES (3006, 'Swap', Null, 'N')
INSERT INTO [dbo].configuracao VALUES (3007, 'Gerencial', Null, 'N')
INSERT INTO [dbo].configuracao VALUES (3008, 'Rebates', Null, 'N')
INSERT INTO [dbo].configuracao VALUES (3009, 'Cálculo Despesas', Null, 'S')
INSERT INTO [dbo].configuracao VALUES (3010, 'Enquadramento', Null, 'N')
INSERT INTO [dbo].configuracao VALUES (3011, 'Cotista', Null, 'N')
INSERT INTO [dbo].configuracao VALUES (3012, 'Contábil', Null, 'N')
INSERT INTO [dbo].configuracao VALUES (3013, 'Apuração IR', Null, 'N')
INSERT INTO [dbo].configuracao VALUES (3014, 'Informes Fundos', Null, 'N')
INSERT INTO [dbo].configuracao VALUES (3015, 'Informes Clubes', Null, 'N')
INSERT INTO [dbo].configuracao VALUES (3016, 'Frontoffice', Null, 'N')
INSERT INTO [dbo].configuracao VALUES (3017, 'CarteiraSimulada', Null, 'N')
insert into [dbo].configuracao values (4000, 'Cores Extrato', null, '#FFFFFF,#062C53,#002940,#8FB5DC,#002940,#F5F7FF,#002940,#FDFAF3,#002940,#E9EBF2,#002940,#FFFFFF,#002940,#FFFFFF,#002940,#FFFFFF,#FF0000,#FFFFFF')
insert into [dbo].configuracao values (4001, 'ObservacoesExtrato', null, '<span style="font-size: 7pt; ">Este material não representa os valores oficiais, divulgados pelos respectivos administradores. Rentabilidade passada não representa garantia de rentabilidade futura. Quaisquer investimentos nos mercados financeiro e de capitais estão sujeitos a riscos de perda do capital investido. Os investidores devem ter em conta que o valor dos investimentos pode tanto subir quanto cair, e os investidores podem não recuperar o valor investido.</span>')
INSERT INTO [dbo].configuracao VALUES (4010, 'ObservacaoCotista', null, null)
insert into [dbo].configuracao values (5000, 'Agente Liquidação Exclusivo', null, 'N')
insert into [dbo].configuracao values (5001, 'Calcula Contábil', null, 'N')
insert into [dbo].configuracao values (5002, 'Multi Conta', null, 'S')
insert into [dbo].configuracao values (5003, 'Permissão Interno Auto', null, 'S')
insert into [dbo].configuracao values (5004, 'Libera Data Lançamento Liquidação', null, 'N')
insert into [dbo].configuracao values (5010, 'Reset Data Inicio', null, 'N')
insert into [dbo].configuracao values (5011, 'Processamento via WebService', null, 'N')
insert into [dbo].configuracao values (5012, 'Calcula Fator Índice', null, 'N')
insert into [dbo].configuracao values (5013, 'Processa Indicador Carteira', null, 'N')

go
--LISTA DE FERIADOS DE 2000 A 2060
set identity_insert [dbo].localferiado on
insert into [dbo].localferiado (idlocal, nome) values (1, 'Brasil')
insert into [dbo].localferiado (idlocal, nome) values (2, 'BovespaBMF')
insert into [dbo].localferiado (idlocal, nome) values (4, 'Nova York')
set identity_insert [dbo].localferiado off
go

INSERT INTO [dbo].[feriado] ([Data],[IdLocal],[Descricao])VALUES('Jan  1 2000 12:00:00:000AM',1,'Ano Novo')
INSERT INTO [dbo].[feriado] ([Data],[IdLocal],[Descricao])VALUES('Jan 25 2000 12:00:00:000AM',2,'Aniversário de SP')
INSERT INTO [dbo].[feriado] ([Data],[IdLocal],[Descricao])VALUES('Mar  6 2000 12:00:00:000AM',1,'Carnaval')
INSERT INTO [dbo].[feriado] ([Data],[IdLocal],[Descricao])VALUES('Mar  7 2000 12:00:00:000AM',1,'Carnaval')
INSERT INTO [dbo].[feriado] ([Data],[IdLocal],[Descricao])VALUES('Apr 21 2000 12:00:00:000AM',1,'Sexta Feira Santa')
INSERT INTO [dbo].[feriado] ([Data],[IdLocal],[Descricao])VALUES('Apr 23 2000 12:00:00:000AM',1,'Páscoa')
INSERT INTO [dbo].[feriado] ([Data],[IdLocal],[Descricao])VALUES('May  1 2000 12:00:00:000AM',1,'Dia do Trabalho')
INSERT INTO [dbo].[feriado] ([Data],[IdLocal],[Descricao])VALUES('Jun 22 2000 12:00:00:000AM',1,'Corpus Christi')
INSERT INTO [dbo].[feriado] ([Data],[IdLocal],[Descricao])VALUES('Jul  9 2000 12:00:00:000AM',2,'Revolução de 1932')
INSERT INTO [dbo].[feriado] ([Data],[IdLocal],[Descricao])VALUES('Sep  7 2000 12:00:00:000AM',1,'Dia da Independência')
INSERT INTO [dbo].[feriado] ([Data],[IdLocal],[Descricao])VALUES('Oct 12 2000 12:00:00:000AM',1,'Nossa Senhora Aparecida')
INSERT INTO [dbo].[feriado] ([Data],[IdLocal],[Descricao])VALUES('Nov  2 2000 12:00:00:000AM',1,'Finados')
INSERT INTO [dbo].[feriado] ([Data],[IdLocal],[Descricao])VALUES('Nov 15 2000 12:00:00:000AM',1,'Proclamação da República')
INSERT INTO [dbo].[feriado] ([Data],[IdLocal],[Descricao])VALUES('Dec 24 2000 12:00:00:000AM',2,'Natal - SP')
INSERT INTO [dbo].[feriado] ([Data],[IdLocal],[Descricao])VALUES('Dec 25 2000 12:00:00:000AM',1,'Natal')
INSERT INTO [dbo].[feriado] ([Data],[IdLocal],[Descricao])VALUES('Dec 31 2000 12:00:00:000AM',2,'Ano Novo - SP')
INSERT INTO [dbo].[feriado] ([Data],[IdLocal],[Descricao])VALUES('Jan  1 2001 12:00:00:000AM',1,'Ano Novo')
INSERT INTO [dbo].[feriado] ([Data],[IdLocal],[Descricao])VALUES('Jan 25 2001 12:00:00:000AM',2,'Aniversário de SP')
INSERT INTO [dbo].[feriado] ([Data],[IdLocal],[Descricao])VALUES('Feb 26 2001 12:00:00:000AM',1,'Carnaval')
INSERT INTO [dbo].[feriado] ([Data],[IdLocal],[Descricao])VALUES('Feb 27 2001 12:00:00:000AM',1,'Carnaval')
INSERT INTO [dbo].[feriado] ([Data],[IdLocal],[Descricao])VALUES('Apr 13 2001 12:00:00:000AM',1,'Sexta Feira Santa')
INSERT INTO [dbo].[feriado] ([Data],[IdLocal],[Descricao])VALUES('Apr 15 2001 12:00:00:000AM',1,'Páscoa')
INSERT INTO [dbo].[feriado] ([Data],[IdLocal],[Descricao])VALUES('Apr 21 2001 12:00:00:000AM',1,'Tiradentes')
INSERT INTO [dbo].[feriado] ([Data],[IdLocal],[Descricao])VALUES('May  1 2001 12:00:00:000AM',1,'Dia do Trabalho')
INSERT INTO [dbo].[feriado] ([Data],[IdLocal],[Descricao])VALUES('Jun 14 2001 12:00:00:000AM',1,'Corpus Christi')
INSERT INTO [dbo].[feriado] ([Data],[IdLocal],[Descricao])VALUES('Jul  9 2001 12:00:00:000AM',2,'Revolução de 1932')
INSERT INTO [dbo].[feriado] ([Data],[IdLocal],[Descricao])VALUES('Sep  7 2001 12:00:00:000AM',1,'Dia da Independência')
INSERT INTO [dbo].[feriado] ([Data],[IdLocal],[Descricao])VALUES('Oct 12 2001 12:00:00:000AM',1,'Nossa Senhora Aparecida')
INSERT INTO [dbo].[feriado] ([Data],[IdLocal],[Descricao])VALUES('Nov  2 2001 12:00:00:000AM',1,'Finados')
INSERT INTO [dbo].[feriado] ([Data],[IdLocal],[Descricao])VALUES('Nov 15 2001 12:00:00:000AM',1,'Proclamação da República')
INSERT INTO [dbo].[feriado] ([Data],[IdLocal],[Descricao])VALUES('Dec 24 2001 12:00:00:000AM',2,'Natal - SP')
INSERT INTO [dbo].[feriado] ([Data],[IdLocal],[Descricao])VALUES('Dec 25 2001 12:00:00:000AM',1,'Natal')
INSERT INTO [dbo].[feriado] ([Data],[IdLocal],[Descricao])VALUES('Dec 31 2001 12:00:00:000AM',2,'Ano Novo - SP')
INSERT INTO [dbo].[feriado] ([Data],[IdLocal],[Descricao])VALUES('Jan  1 2002 12:00:00:000AM',1,'Ano Novo')
INSERT INTO [dbo].[feriado] ([Data],[IdLocal],[Descricao])VALUES('Jan 25 2002 12:00:00:000AM',2,'Aniversário de SP')
INSERT INTO [dbo].[feriado] ([Data],[IdLocal],[Descricao])VALUES('Feb 11 2002 12:00:00:000AM',1,'Carnaval')
INSERT INTO [dbo].[feriado] ([Data],[IdLocal],[Descricao])VALUES('Feb 12 2002 12:00:00:000AM',1,'Carnaval')
INSERT INTO [dbo].[feriado] ([Data],[IdLocal],[Descricao])VALUES('Mar 29 2002 12:00:00:000AM',1,'Sexta Feira Santa')
INSERT INTO [dbo].[feriado] ([Data],[IdLocal],[Descricao])VALUES('Mar 31 2002 12:00:00:000AM',1,'Páscoa')
INSERT INTO [dbo].[feriado] ([Data],[IdLocal],[Descricao])VALUES('Apr 21 2002 12:00:00:000AM',1,'Tiradentes')
INSERT INTO [dbo].[feriado] ([Data],[IdLocal],[Descricao])VALUES('May  1 2002 12:00:00:000AM',1,'Dia do Trabalho')
INSERT INTO [dbo].[feriado] ([Data],[IdLocal],[Descricao])VALUES('May 30 2002 12:00:00:000AM',1,'Corpus Christi')
INSERT INTO [dbo].[feriado] ([Data],[IdLocal],[Descricao])VALUES('Jul  9 2002 12:00:00:000AM',2,'Revolução de 1932')
INSERT INTO [dbo].[feriado] ([Data],[IdLocal],[Descricao])VALUES('Sep  7 2002 12:00:00:000AM',1,'Dia da Independência')
INSERT INTO [dbo].[feriado] ([Data],[IdLocal],[Descricao])VALUES('Oct 12 2002 12:00:00:000AM',1,'Nossa Senhora Aparecida')
INSERT INTO [dbo].[feriado] ([Data],[IdLocal],[Descricao])VALUES('Nov  2 2002 12:00:00:000AM',1,'Finados')
INSERT INTO [dbo].[feriado] ([Data],[IdLocal],[Descricao])VALUES('Nov 15 2002 12:00:00:000AM',1,'Proclamação da República')
INSERT INTO [dbo].[feriado] ([Data],[IdLocal],[Descricao])VALUES('Dec 24 2002 12:00:00:000AM',2,'Natal - SP')
INSERT INTO [dbo].[feriado] ([Data],[IdLocal],[Descricao])VALUES('Dec 25 2002 12:00:00:000AM',1,'Natal')
INSERT INTO [dbo].[feriado] ([Data],[IdLocal],[Descricao])VALUES('Dec 31 2002 12:00:00:000AM',2,'Ano Novo - SP')
INSERT INTO [dbo].[feriado] ([Data],[IdLocal],[Descricao])VALUES('Jan  1 2003 12:00:00:000AM',1,'Ano Novo')
INSERT INTO [dbo].[feriado] ([Data],[IdLocal],[Descricao])VALUES('Jan 25 2003 12:00:00:000AM',2,'Aniversário de SP')
INSERT INTO [dbo].[feriado] ([Data],[IdLocal],[Descricao])VALUES('Mar  3 2003 12:00:00:000AM',1,'Carnaval')
INSERT INTO [dbo].[feriado] ([Data],[IdLocal],[Descricao])VALUES('Mar  4 2003 12:00:00:000AM',1,'Carnaval')
INSERT INTO [dbo].[feriado] ([Data],[IdLocal],[Descricao])VALUES('Apr 18 2003 12:00:00:000AM',1,'Sexta Feira Santa')
INSERT INTO [dbo].[feriado] ([Data],[IdLocal],[Descricao])VALUES('Apr 20 2003 12:00:00:000AM',1,'Páscoa')
INSERT INTO [dbo].[feriado] ([Data],[IdLocal],[Descricao])VALUES('Apr 21 2003 12:00:00:000AM',1,'Tiradentes')
INSERT INTO [dbo].[feriado] ([Data],[IdLocal],[Descricao])VALUES('May  1 2003 12:00:00:000AM',1,'Dia do Trabalho')
INSERT INTO [dbo].[feriado] ([Data],[IdLocal],[Descricao])VALUES('Jun 19 2003 12:00:00:000AM',1,'Corpus Christi')
INSERT INTO [dbo].[feriado] ([Data],[IdLocal],[Descricao])VALUES('Jul  9 2003 12:00:00:000AM',2,'Revolução de 1932')
INSERT INTO [dbo].[feriado] ([Data],[IdLocal],[Descricao])VALUES('Sep  7 2003 12:00:00:000AM',1,'Dia da Independência')
INSERT INTO [dbo].[feriado] ([Data],[IdLocal],[Descricao])VALUES('Oct 12 2003 12:00:00:000AM',1,'Nossa Senhora Aparecida')
INSERT INTO [dbo].[feriado] ([Data],[IdLocal],[Descricao])VALUES('Nov  2 2003 12:00:00:000AM',1,'Finados')
INSERT INTO [dbo].[feriado] ([Data],[IdLocal],[Descricao])VALUES('Nov 15 2003 12:00:00:000AM',1,'Proclamação da República')
INSERT INTO [dbo].[feriado] ([Data],[IdLocal],[Descricao])VALUES('Dec 24 2003 12:00:00:000AM',2,'Natal - SP')
INSERT INTO [dbo].[feriado] ([Data],[IdLocal],[Descricao])VALUES('Dec 25 2003 12:00:00:000AM',1,'Natal')
INSERT INTO [dbo].[feriado] ([Data],[IdLocal],[Descricao])VALUES('Dec 31 2003 12:00:00:000AM',2,'Ano Novo - SP')
INSERT INTO [dbo].[feriado] ([Data],[IdLocal],[Descricao])VALUES('Jan  1 2004 12:00:00:000AM',1,'Ano Novo')
INSERT INTO [dbo].[feriado] ([Data],[IdLocal],[Descricao])VALUES('Jan 25 2004 12:00:00:000AM',2,'Aniversário de SP')
INSERT INTO [dbo].[feriado] ([Data],[IdLocal],[Descricao])VALUES('Feb 23 2004 12:00:00:000AM',1,'Carnaval')
INSERT INTO [dbo].[feriado] ([Data],[IdLocal],[Descricao])VALUES('Feb 24 2004 12:00:00:000AM',1,'Carnaval')
INSERT INTO [dbo].[feriado] ([Data],[IdLocal],[Descricao])VALUES('Apr  9 2004 12:00:00:000AM',1,'Sexta Feira Santa')
INSERT INTO [dbo].[feriado] ([Data],[IdLocal],[Descricao])VALUES('Apr 11 2004 12:00:00:000AM',1,'Páscoa')
INSERT INTO [dbo].[feriado] ([Data],[IdLocal],[Descricao])VALUES('Apr 21 2004 12:00:00:000AM',1,'Tiradentes')
INSERT INTO [dbo].[feriado] ([Data],[IdLocal],[Descricao])VALUES('May  1 2004 12:00:00:000AM',1,'Dia do Trabalho')
INSERT INTO [dbo].[feriado] ([Data],[IdLocal],[Descricao])VALUES('Jun 10 2004 12:00:00:000AM',1,'Corpus Christi')
INSERT INTO [dbo].[feriado] ([Data],[IdLocal],[Descricao])VALUES('Jul  9 2004 12:00:00:000AM',2,'Revolução de 1932')
INSERT INTO [dbo].[feriado] ([Data],[IdLocal],[Descricao])VALUES('Sep  7 2004 12:00:00:000AM',1,'Dia da Independência')
INSERT INTO [dbo].[feriado] ([Data],[IdLocal],[Descricao])VALUES('Oct 12 2004 12:00:00:000AM',1,'Nossa Senhora Aparecida')
INSERT INTO [dbo].[feriado] ([Data],[IdLocal],[Descricao])VALUES('Nov  2 2004 12:00:00:000AM',1,'Finados')
INSERT INTO [dbo].[feriado] ([Data],[IdLocal],[Descricao])VALUES('Nov 15 2004 12:00:00:000AM',1,'Proclamação da República')
INSERT INTO [dbo].[feriado] ([Data],[IdLocal],[Descricao])VALUES('Nov 20 2004 12:00:00:000AM',2,'Dia da Consciência Negra')
INSERT INTO [dbo].[feriado] ([Data],[IdLocal],[Descricao])VALUES('Dec 24 2004 12:00:00:000AM',2,'Natal - SP')
INSERT INTO [dbo].[feriado] ([Data],[IdLocal],[Descricao])VALUES('Dec 25 2004 12:00:00:000AM',1,'Natal')
INSERT INTO [dbo].[feriado] ([Data],[IdLocal],[Descricao])VALUES('Dec 31 2004 12:00:00:000AM',2,'Ano Novo - SP')
INSERT INTO [dbo].[feriado] ([Data],[IdLocal],[Descricao])VALUES('Jan  1 2005 12:00:00:000AM',1,'Ano Novo')
INSERT INTO [dbo].[feriado] ([Data],[IdLocal],[Descricao])VALUES('Jan 25 2005 12:00:00:000AM',2,'Aniversário de SP')
INSERT INTO [dbo].[feriado] ([Data],[IdLocal],[Descricao])VALUES('Feb  7 2005 12:00:00:000AM',1,'Carnaval')
INSERT INTO [dbo].[feriado] ([Data],[IdLocal],[Descricao])VALUES('Feb  8 2005 12:00:00:000AM',1,'Carnaval')
INSERT INTO [dbo].[feriado] ([Data],[IdLocal],[Descricao])VALUES('Mar 25 2005 12:00:00:000AM',1,'Sexta Feira Santa')
INSERT INTO [dbo].[feriado] ([Data],[IdLocal],[Descricao])VALUES('Mar 27 2005 12:00:00:000AM',1,'Páscoa')
INSERT INTO [dbo].[feriado] ([Data],[IdLocal],[Descricao])VALUES('Apr 21 2005 12:00:00:000AM',1,'Tiradentes')
INSERT INTO [dbo].[feriado] ([Data],[IdLocal],[Descricao])VALUES('May  1 2005 12:00:00:000AM',1,'Dia do Trabalho')
INSERT INTO [dbo].[feriado] ([Data],[IdLocal],[Descricao])VALUES('May 26 2005 12:00:00:000AM',1,'Corpus Christi')
INSERT INTO [dbo].[feriado] ([Data],[IdLocal],[Descricao])VALUES('Jul  9 2005 12:00:00:000AM',2,'Revolução de 1932')
INSERT INTO [dbo].[feriado] ([Data],[IdLocal],[Descricao])VALUES('Sep  7 2005 12:00:00:000AM',1,'Dia da Independência')
INSERT INTO [dbo].[feriado] ([Data],[IdLocal],[Descricao])VALUES('Oct 12 2005 12:00:00:000AM',1,'Nossa Senhora Aparecida')
INSERT INTO [dbo].[feriado] ([Data],[IdLocal],[Descricao])VALUES('Nov  2 2005 12:00:00:000AM',1,'Finados')
INSERT INTO [dbo].[feriado] ([Data],[IdLocal],[Descricao])VALUES('Nov 15 2005 12:00:00:000AM',1,'Proclamação da República')
INSERT INTO [dbo].[feriado] ([Data],[IdLocal],[Descricao])VALUES('Nov 20 2005 12:00:00:000AM',2,'Dia da Consciência Negra')
INSERT INTO [dbo].[feriado] ([Data],[IdLocal],[Descricao])VALUES('Dec 24 2005 12:00:00:000AM',2,'Natal - SP')
INSERT INTO [dbo].[feriado] ([Data],[IdLocal],[Descricao])VALUES('Dec 25 2005 12:00:00:000AM',1,'Natal')
INSERT INTO [dbo].[feriado] ([Data],[IdLocal],[Descricao])VALUES('Dec 31 2005 12:00:00:000AM',2,'Ano Novo - SP')
INSERT INTO [dbo].[feriado] ([Data],[IdLocal],[Descricao])VALUES('Jan  1 2006 12:00:00:000AM',1,'Ano Novo')
INSERT INTO [dbo].[feriado] ([Data],[IdLocal],[Descricao])VALUES('Jan 25 2006 12:00:00:000AM',2,'Aniversário de SP')
INSERT INTO [dbo].[feriado] ([Data],[IdLocal],[Descricao])VALUES('Feb 27 2006 12:00:00:000AM',1,'Carnaval')
INSERT INTO [dbo].[feriado] ([Data],[IdLocal],[Descricao])VALUES('Feb 28 2006 12:00:00:000AM',1,'Carnaval')
INSERT INTO [dbo].[feriado] ([Data],[IdLocal],[Descricao])VALUES('Apr 14 2006 12:00:00:000AM',1,'Sexta Feira Santa')
INSERT INTO [dbo].[feriado] ([Data],[IdLocal],[Descricao])VALUES('Apr 16 2006 12:00:00:000AM',1,'Páscoa')
INSERT INTO [dbo].[feriado] ([Data],[IdLocal],[Descricao])VALUES('Apr 21 2006 12:00:00:000AM',1,'Tiradentes')
INSERT INTO [dbo].[feriado] ([Data],[IdLocal],[Descricao])VALUES('May  1 2006 12:00:00:000AM',1,'Dia do Trabalho')
INSERT INTO [dbo].[feriado] ([Data],[IdLocal],[Descricao])VALUES('Jun 15 2006 12:00:00:000AM',1,'Corpus Christi')
INSERT INTO [dbo].[feriado] ([Data],[IdLocal],[Descricao])VALUES('Jul  9 2006 12:00:00:000AM',2,'Revolução de 1932')
INSERT INTO [dbo].[feriado] ([Data],[IdLocal],[Descricao])VALUES('Sep  7 2006 12:00:00:000AM',1,'Dia da Independência')
INSERT INTO [dbo].[feriado] ([Data],[IdLocal],[Descricao])VALUES('Oct 12 2006 12:00:00:000AM',1,'Nossa Senhora Aparecida')
INSERT INTO [dbo].[feriado] ([Data],[IdLocal],[Descricao])VALUES('Nov  2 2006 12:00:00:000AM',1,'Finados')
INSERT INTO [dbo].[feriado] ([Data],[IdLocal],[Descricao])VALUES('Nov 15 2006 12:00:00:000AM',1,'Proclamação da República')
INSERT INTO [dbo].[feriado] ([Data],[IdLocal],[Descricao])VALUES('Nov 20 2006 12:00:00:000AM',2,'Dia da Consciência Negra')
INSERT INTO [dbo].[feriado] ([Data],[IdLocal],[Descricao])VALUES('Dec 24 2006 12:00:00:000AM',2,'Natal - SP')
INSERT INTO [dbo].[feriado] ([Data],[IdLocal],[Descricao])VALUES('Dec 25 2006 12:00:00:000AM',1,'Natal')
INSERT INTO [dbo].[feriado] ([Data],[IdLocal],[Descricao])VALUES('Dec 31 2006 12:00:00:000AM',2,'Ano Novo - SP')
INSERT INTO [dbo].[feriado] ([Data],[IdLocal],[Descricao])VALUES('Jan  1 2007 12:00:00:000AM',1,'Ano Novo')
INSERT INTO [dbo].[feriado] ([Data],[IdLocal],[Descricao])VALUES('Jan 25 2007 12:00:00:000AM',2,'Aniversário de SP')
INSERT INTO [dbo].[feriado] ([Data],[IdLocal],[Descricao])VALUES('Feb 19 2007 12:00:00:000AM',1,'Carnaval')
INSERT INTO [dbo].[feriado] ([Data],[IdLocal],[Descricao])VALUES('Feb 20 2007 12:00:00:000AM',1,'Carnaval')
INSERT INTO [dbo].[feriado] ([Data],[IdLocal],[Descricao])VALUES('Apr  6 2007 12:00:00:000AM',1,'Sexta Feira Santa')
INSERT INTO [dbo].[feriado] ([Data],[IdLocal],[Descricao])VALUES('Apr  8 2007 12:00:00:000AM',1,'Páscoa')
INSERT INTO [dbo].[feriado] ([Data],[IdLocal],[Descricao])VALUES('Apr 21 2007 12:00:00:000AM',1,'Tiradentes')
INSERT INTO [dbo].[feriado] ([Data],[IdLocal],[Descricao])VALUES('May  1 2007 12:00:00:000AM',1,'Dia do Trabalho')
INSERT INTO [dbo].[feriado] ([Data],[IdLocal],[Descricao])VALUES('Jun  7 2007 12:00:00:000AM',1,'Corpus Christi')
INSERT INTO [dbo].[feriado] ([Data],[IdLocal],[Descricao])VALUES('Jul  9 2007 12:00:00:000AM',2,'Revolução de 1932')
INSERT INTO [dbo].[feriado] ([Data],[IdLocal],[Descricao])VALUES('Sep  7 2007 12:00:00:000AM',1,'Dia da Independência')
INSERT INTO [dbo].[feriado] ([Data],[IdLocal],[Descricao])VALUES('Oct 12 2007 12:00:00:000AM',1,'Nossa Senhora Aparecida')
INSERT INTO [dbo].[feriado] ([Data],[IdLocal],[Descricao])VALUES('Nov  2 2007 12:00:00:000AM',1,'Finados')
INSERT INTO [dbo].[feriado] ([Data],[IdLocal],[Descricao])VALUES('Nov 15 2007 12:00:00:000AM',1,'Proclamação da República')
INSERT INTO [dbo].[feriado] ([Data],[IdLocal],[Descricao])VALUES('Nov 20 2007 12:00:00:000AM',2,'Dia da Consciência Negra')
INSERT INTO [dbo].[feriado] ([Data],[IdLocal],[Descricao])VALUES('Dec 24 2007 12:00:00:000AM',2,'Natal - SP')
INSERT INTO [dbo].[feriado] ([Data],[IdLocal],[Descricao])VALUES('Dec 25 2007 12:00:00:000AM',1,'Natal')
INSERT INTO [dbo].[feriado] ([Data],[IdLocal],[Descricao])VALUES('Dec 31 2007 12:00:00:000AM',2,'Ano Novo - SP')
INSERT INTO [dbo].[feriado] ([Data],[IdLocal],[Descricao])VALUES('Jan  1 2008 12:00:00:000AM',1,'Ano Novo')
INSERT INTO [dbo].[feriado] ([Data],[IdLocal],[Descricao])VALUES('Jan 25 2008 12:00:00:000AM',2,'Aniversário de SP')
INSERT INTO [dbo].[feriado] ([Data],[IdLocal],[Descricao])VALUES('Feb  4 2008 12:00:00:000AM',1,'Carnaval')
INSERT INTO [dbo].[feriado] ([Data],[IdLocal],[Descricao])VALUES('Feb  5 2008 12:00:00:000AM',1,'Carnaval')
INSERT INTO [dbo].[feriado] ([Data],[IdLocal],[Descricao])VALUES('Mar 21 2008 12:00:00:000AM',1,'Sexta Feira Santa')
INSERT INTO [dbo].[feriado] ([Data],[IdLocal],[Descricao])VALUES('Mar 23 2008 12:00:00:000AM',1,'Páscoa')
INSERT INTO [dbo].[feriado] ([Data],[IdLocal],[Descricao])VALUES('Apr 21 2008 12:00:00:000AM',1,'Tiradentes')
INSERT INTO [dbo].[feriado] ([Data],[IdLocal],[Descricao])VALUES('May  1 2008 12:00:00:000AM',1,'Dia do Trabalho')
INSERT INTO [dbo].[feriado] ([Data],[IdLocal],[Descricao])VALUES('May 22 2008 12:00:00:000AM',1,'Corpus Christi')
INSERT INTO [dbo].[feriado] ([Data],[IdLocal],[Descricao])VALUES('Jul  9 2008 12:00:00:000AM',2,'Revolução de 1932')
INSERT INTO [dbo].[feriado] ([Data],[IdLocal],[Descricao])VALUES('Sep  7 2008 12:00:00:000AM',1,'Dia da Independência')
INSERT INTO [dbo].[feriado] ([Data],[IdLocal],[Descricao])VALUES('Oct 12 2008 12:00:00:000AM',1,'Nossa Senhora Aparecida')
INSERT INTO [dbo].[feriado] ([Data],[IdLocal],[Descricao])VALUES('Nov  2 2008 12:00:00:000AM',1,'Finados')
INSERT INTO [dbo].[feriado] ([Data],[IdLocal],[Descricao])VALUES('Nov 15 2008 12:00:00:000AM',1,'Proclamação da República')
INSERT INTO [dbo].[feriado] ([Data],[IdLocal],[Descricao])VALUES('Nov 20 2008 12:00:00:000AM',2,'Dia da Consciência Negra')
INSERT INTO [dbo].[feriado] ([Data],[IdLocal],[Descricao])VALUES('Dec 24 2008 12:00:00:000AM',2,'Natal - SP')
INSERT INTO [dbo].[feriado] ([Data],[IdLocal],[Descricao])VALUES('Dec 25 2008 12:00:00:000AM',1,'Natal')
INSERT INTO [dbo].[feriado] ([Data],[IdLocal],[Descricao])VALUES('Dec 31 2008 12:00:00:000AM',2,'Ano Novo - SP')
INSERT INTO [dbo].[feriado] ([Data],[IdLocal],[Descricao])VALUES('Jan  1 2009 12:00:00:000AM',1,'Ano Novo')
INSERT INTO [dbo].[feriado] ([Data],[IdLocal],[Descricao])VALUES('Jan 25 2009 12:00:00:000AM',2,'Aniversário de SP')
INSERT INTO [dbo].[feriado] ([Data],[IdLocal],[Descricao])VALUES('Feb 23 2009 12:00:00:000AM',1,'Carnaval')
INSERT INTO [dbo].[feriado] ([Data],[IdLocal],[Descricao])VALUES('Feb 24 2009 12:00:00:000AM',1,'Carnaval')
INSERT INTO [dbo].[feriado] ([Data],[IdLocal],[Descricao])VALUES('Apr 10 2009 12:00:00:000AM',1,'Sexta Feira Santa')
INSERT INTO [dbo].[feriado] ([Data],[IdLocal],[Descricao])VALUES('Apr 12 2009 12:00:00:000AM',1,'Páscoa')
INSERT INTO [dbo].[feriado] ([Data],[IdLocal],[Descricao])VALUES('Apr 21 2009 12:00:00:000AM',1,'Tiradentes')
INSERT INTO [dbo].[feriado] ([Data],[IdLocal],[Descricao])VALUES('May  1 2009 12:00:00:000AM',1,'Dia do Trabalho')
INSERT INTO [dbo].[feriado] ([Data],[IdLocal],[Descricao])VALUES('Jun 11 2009 12:00:00:000AM',1,'Corpus Christi')
INSERT INTO [dbo].[feriado] ([Data],[IdLocal],[Descricao])VALUES('Jul  9 2009 12:00:00:000AM',2,'Revolução de 1932')
INSERT INTO [dbo].[feriado] ([Data],[IdLocal],[Descricao])VALUES('Sep  7 2009 12:00:00:000AM',1,'Dia da Independência')
INSERT INTO [dbo].[feriado] ([Data],[IdLocal],[Descricao])VALUES('Oct 12 2009 12:00:00:000AM',1,'Nossa Senhora Aparecida')
INSERT INTO [dbo].[feriado] ([Data],[IdLocal],[Descricao])VALUES('Nov  2 2009 12:00:00:000AM',1,'Finados')
INSERT INTO [dbo].[feriado] ([Data],[IdLocal],[Descricao])VALUES('Nov 15 2009 12:00:00:000AM',1,'Proclamação da República')
INSERT INTO [dbo].[feriado] ([Data],[IdLocal],[Descricao])VALUES('Nov 20 2009 12:00:00:000AM',2,'Dia da Consciência Negra')
INSERT INTO [dbo].[feriado] ([Data],[IdLocal],[Descricao])VALUES('Dec 24 2009 12:00:00:000AM',2,'Natal - SP')
INSERT INTO [dbo].[feriado] ([Data],[IdLocal],[Descricao])VALUES('Dec 25 2009 12:00:00:000AM',1,'Natal')
INSERT INTO [dbo].[feriado] ([Data],[IdLocal],[Descricao])VALUES('Dec 31 2009 12:00:00:000AM',2,'Ano Novo - SP')
INSERT INTO [dbo].[feriado] ([Data],[IdLocal],[Descricao])VALUES('Jan  1 2010 12:00:00:000AM',1,'Ano Novo')
INSERT INTO [dbo].[feriado] ([Data],[IdLocal],[Descricao])VALUES('Jan 25 2010 12:00:00:000AM',2,'Aniversário de SP')
INSERT INTO [dbo].[feriado] ([Data],[IdLocal],[Descricao])VALUES('Feb 15 2010 12:00:00:000AM',1,'Carnaval')
INSERT INTO [dbo].[feriado] ([Data],[IdLocal],[Descricao])VALUES('Feb 16 2010 12:00:00:000AM',1,'Carnaval')
INSERT INTO [dbo].[feriado] ([Data],[IdLocal],[Descricao])VALUES('Apr  2 2010 12:00:00:000AM',1,'Sexta Feira Santa')
INSERT INTO [dbo].[feriado] ([Data],[IdLocal],[Descricao])VALUES('Apr  4 2010 12:00:00:000AM',1,'Páscoa')
INSERT INTO [dbo].[feriado] ([Data],[IdLocal],[Descricao])VALUES('Apr 21 2010 12:00:00:000AM',1,'Tiradentes')
INSERT INTO [dbo].[feriado] ([Data],[IdLocal],[Descricao])VALUES('May  1 2010 12:00:00:000AM',1,'Dia do Trabalho')
INSERT INTO [dbo].[feriado] ([Data],[IdLocal],[Descricao])VALUES('Jun  3 2010 12:00:00:000AM',1,'Corpus Christi')
INSERT INTO [dbo].[feriado] ([Data],[IdLocal],[Descricao])VALUES('Jul  9 2010 12:00:00:000AM',2,'Revolução de 1932')
INSERT INTO [dbo].[feriado] ([Data],[IdLocal],[Descricao])VALUES('Sep  7 2010 12:00:00:000AM',1,'Dia da Independência')
INSERT INTO [dbo].[feriado] ([Data],[IdLocal],[Descricao])VALUES('Oct 12 2010 12:00:00:000AM',1,'Nossa Senhora Aparecida')
INSERT INTO [dbo].[feriado] ([Data],[IdLocal],[Descricao])VALUES('Nov  2 2010 12:00:00:000AM',1,'Finados')
INSERT INTO [dbo].[feriado] ([Data],[IdLocal],[Descricao])VALUES('Nov 15 2010 12:00:00:000AM',1,'Proclamação da República')
INSERT INTO [dbo].[feriado] ([Data],[IdLocal],[Descricao])VALUES('Nov 20 2010 12:00:00:000AM',2,'Dia da Consciência Negra')
INSERT INTO [dbo].[feriado] ([Data],[IdLocal],[Descricao])VALUES('Dec 24 2010 12:00:00:000AM',2,'Natal - SP')
INSERT INTO [dbo].[feriado] ([Data],[IdLocal],[Descricao])VALUES('Dec 25 2010 12:00:00:000AM',1,'Natal')
INSERT INTO [dbo].[feriado] ([Data],[IdLocal],[Descricao])VALUES('Dec 31 2010 12:00:00:000AM',2,'Ano Novo - SP')
INSERT INTO [dbo].[feriado] ([Data],[IdLocal],[Descricao])VALUES('Jan  1 2011 12:00:00:000AM',1,'Ano Novo')
INSERT INTO [dbo].[feriado] ([Data],[IdLocal],[Descricao])VALUES('Jan 25 2011 12:00:00:000AM',2,'Aniversário de SP')
INSERT INTO [dbo].[feriado] ([Data],[IdLocal],[Descricao])VALUES('Mar  7 2011 12:00:00:000AM',1,'Carnaval')
INSERT INTO [dbo].[feriado] ([Data],[IdLocal],[Descricao])VALUES('Mar  8 2011 12:00:00:000AM',1,'Carnaval')
INSERT INTO [dbo].[feriado] ([Data],[IdLocal],[Descricao])VALUES('Apr 21 2011 12:00:00:000AM',1,'Tiradentes')
INSERT INTO [dbo].[feriado] ([Data],[IdLocal],[Descricao])VALUES('Apr 22 2011 12:00:00:000AM',1,'Sexta Feira Santa')
INSERT INTO [dbo].[feriado] ([Data],[IdLocal],[Descricao])VALUES('Apr 24 2011 12:00:00:000AM',1,'Páscoa')
INSERT INTO [dbo].[feriado] ([Data],[IdLocal],[Descricao])VALUES('May  1 2011 12:00:00:000AM',1,'Dia do Trabalho')
INSERT INTO [dbo].[feriado] ([Data],[IdLocal],[Descricao])VALUES('Jun 23 2011 12:00:00:000AM',1,'Corpus Christi')
INSERT INTO [dbo].[feriado] ([Data],[IdLocal],[Descricao])VALUES('Jul  9 2011 12:00:00:000AM',2,'Revolução de 1932')
INSERT INTO [dbo].[feriado] ([Data],[IdLocal],[Descricao])VALUES('Sep  7 2011 12:00:00:000AM',1,'Dia da Independência')
INSERT INTO [dbo].[feriado] ([Data],[IdLocal],[Descricao])VALUES('Oct 12 2011 12:00:00:000AM',1,'Nossa Senhora Aparecida')
INSERT INTO [dbo].[feriado] ([Data],[IdLocal],[Descricao])VALUES('Nov  2 2011 12:00:00:000AM',1,'Finados')
INSERT INTO [dbo].[feriado] ([Data],[IdLocal],[Descricao])VALUES('Nov 15 2011 12:00:00:000AM',1,'Proclamação da República')
INSERT INTO [dbo].[feriado] ([Data],[IdLocal],[Descricao])VALUES('Nov 20 2011 12:00:00:000AM',2,'Dia da Consciência Negra')
INSERT INTO [dbo].[feriado] ([Data],[IdLocal],[Descricao])VALUES('Dec 24 2011 12:00:00:000AM',2,'Natal - SP')
INSERT INTO [dbo].[feriado] ([Data],[IdLocal],[Descricao])VALUES('Dec 25 2011 12:00:00:000AM',1,'Natal')
INSERT INTO [dbo].[feriado] ([Data],[IdLocal],[Descricao])VALUES('Dec 31 2011 12:00:00:000AM',2,'Ano Novo - SP')
INSERT INTO [dbo].[feriado] ([Data],[IdLocal],[Descricao])VALUES('Jan  1 2012 12:00:00:000AM',1,'Ano Novo')
INSERT INTO [dbo].[feriado] ([Data],[IdLocal],[Descricao])VALUES('Jan 25 2012 12:00:00:000AM',2,'Aniversário de SP')
INSERT INTO [dbo].[feriado] ([Data],[IdLocal],[Descricao])VALUES('Feb 20 2012 12:00:00:000AM',1,'Carnaval')
INSERT INTO [dbo].[feriado] ([Data],[IdLocal],[Descricao])VALUES('Feb 21 2012 12:00:00:000AM',1,'Carnaval')
INSERT INTO [dbo].[feriado] ([Data],[IdLocal],[Descricao])VALUES('Apr  6 2012 12:00:00:000AM',1,'Sexta Feira Santa')
INSERT INTO [dbo].[feriado] ([Data],[IdLocal],[Descricao])VALUES('Apr  8 2012 12:00:00:000AM',1,'Páscoa')
INSERT INTO [dbo].[feriado] ([Data],[IdLocal],[Descricao])VALUES('Apr 21 2012 12:00:00:000AM',1,'Tiradentes')
INSERT INTO [dbo].[feriado] ([Data],[IdLocal],[Descricao])VALUES('May  1 2012 12:00:00:000AM',1,'Dia do Trabalho')
INSERT INTO [dbo].[feriado] ([Data],[IdLocal],[Descricao])VALUES('Jun  7 2012 12:00:00:000AM',1,'Corpus Christi')
INSERT INTO [dbo].[feriado] ([Data],[IdLocal],[Descricao])VALUES('Jul  9 2012 12:00:00:000AM',2,'Revolução de 1932')
INSERT INTO [dbo].[feriado] ([Data],[IdLocal],[Descricao])VALUES('Sep  7 2012 12:00:00:000AM',1,'Dia da Independência')
INSERT INTO [dbo].[feriado] ([Data],[IdLocal],[Descricao])VALUES('Oct 12 2012 12:00:00:000AM',1,'Nossa Senhora Aparecida')
INSERT INTO [dbo].[feriado] ([Data],[IdLocal],[Descricao])VALUES('Nov  2 2012 12:00:00:000AM',1,'Finados')
INSERT INTO [dbo].[feriado] ([Data],[IdLocal],[Descricao])VALUES('Nov 15 2012 12:00:00:000AM',1,'Proclamação da República')
INSERT INTO [dbo].[feriado] ([Data],[IdLocal],[Descricao])VALUES('Nov 20 2012 12:00:00:000AM',2,'Dia da Consciência Negra')
INSERT INTO [dbo].[feriado] ([Data],[IdLocal],[Descricao])VALUES('Dec 24 2012 12:00:00:000AM',2,'Natal - SP')
INSERT INTO [dbo].[feriado] ([Data],[IdLocal],[Descricao])VALUES('Dec 25 2012 12:00:00:000AM',1,'Natal')
INSERT INTO [dbo].[feriado] ([Data],[IdLocal],[Descricao])VALUES('Dec 31 2012 12:00:00:000AM',2,'Ano Novo - SP')
INSERT INTO [dbo].[feriado] ([Data],[IdLocal],[Descricao])VALUES('Jan  1 2013 12:00:00:000AM',1,'Ano Novo')
INSERT INTO [dbo].[feriado] ([Data],[IdLocal],[Descricao])VALUES('Jan 25 2013 12:00:00:000AM',2,'Aniversário de SP')
INSERT INTO [dbo].[feriado] ([Data],[IdLocal],[Descricao])VALUES('Feb 11 2013 12:00:00:000AM',1,'Carnaval')
INSERT INTO [dbo].[feriado] ([Data],[IdLocal],[Descricao])VALUES('Feb 12 2013 12:00:00:000AM',1,'Carnaval')
INSERT INTO [dbo].[feriado] ([Data],[IdLocal],[Descricao])VALUES('Mar 29 2013 12:00:00:000AM',1,'Sexta Feira Santa')
INSERT INTO [dbo].[feriado] ([Data],[IdLocal],[Descricao])VALUES('Mar 31 2013 12:00:00:000AM',1,'Páscoa')
INSERT INTO [dbo].[feriado] ([Data],[IdLocal],[Descricao])VALUES('Apr 21 2013 12:00:00:000AM',1,'Tiradentes')
INSERT INTO [dbo].[feriado] ([Data],[IdLocal],[Descricao])VALUES('May  1 2013 12:00:00:000AM',1,'Dia do Trabalho')
INSERT INTO [dbo].[feriado] ([Data],[IdLocal],[Descricao])VALUES('May 30 2013 12:00:00:000AM',1,'Corpus Christi')
INSERT INTO [dbo].[feriado] ([Data],[IdLocal],[Descricao])VALUES('Jul  9 2013 12:00:00:000AM',2,'Revolução de 1932')
INSERT INTO [dbo].[feriado] ([Data],[IdLocal],[Descricao])VALUES('Sep  7 2013 12:00:00:000AM',1,'Dia da Independência')
INSERT INTO [dbo].[feriado] ([Data],[IdLocal],[Descricao])VALUES('Oct 12 2013 12:00:00:000AM',1,'Nossa Senhora Aparecida')
INSERT INTO [dbo].[feriado] ([Data],[IdLocal],[Descricao])VALUES('Nov  2 2013 12:00:00:000AM',1,'Finados')
INSERT INTO [dbo].[feriado] ([Data],[IdLocal],[Descricao])VALUES('Nov 15 2013 12:00:00:000AM',1,'Proclamação da República')
INSERT INTO [dbo].[feriado] ([Data],[IdLocal],[Descricao])VALUES('Nov 20 2013 12:00:00:000AM',2,'Dia da Consciência Negra')
INSERT INTO [dbo].[feriado] ([Data],[IdLocal],[Descricao])VALUES('Dec 24 2013 12:00:00:000AM',2,'Natal - SP')
INSERT INTO [dbo].[feriado] ([Data],[IdLocal],[Descricao])VALUES('Dec 25 2013 12:00:00:000AM',1,'Natal')
INSERT INTO [dbo].[feriado] ([Data],[IdLocal],[Descricao])VALUES('Dec 31 2013 12:00:00:000AM',2,'Ano Novo - SP')
INSERT INTO [dbo].[feriado] ([Data],[IdLocal],[Descricao])VALUES('Jan  1 2014 12:00:00:000AM',1,'Ano Novo')
INSERT INTO [dbo].[feriado] ([Data],[IdLocal],[Descricao])VALUES('Jan 25 2014 12:00:00:000AM',2,'Aniversário de SP')
INSERT INTO [dbo].[feriado] ([Data],[IdLocal],[Descricao])VALUES('Mar  3 2014 12:00:00:000AM',1,'Carnaval')
INSERT INTO [dbo].[feriado] ([Data],[IdLocal],[Descricao])VALUES('Mar  4 2014 12:00:00:000AM',1,'Carnaval')
INSERT INTO [dbo].[feriado] ([Data],[IdLocal],[Descricao])VALUES('Apr 18 2014 12:00:00:000AM',1,'Sexta Feira Santa')
INSERT INTO [dbo].[feriado] ([Data],[IdLocal],[Descricao])VALUES('Apr 20 2014 12:00:00:000AM',1,'Páscoa')
INSERT INTO [dbo].[feriado] ([Data],[IdLocal],[Descricao])VALUES('Apr 21 2014 12:00:00:000AM',1,'Tiradentes')
INSERT INTO [dbo].[feriado] ([Data],[IdLocal],[Descricao])VALUES('May  1 2014 12:00:00:000AM',1,'Dia do Trabalho')
INSERT INTO [dbo].[feriado] ([Data],[IdLocal],[Descricao])VALUES('Jun 19 2014 12:00:00:000AM',1,'Corpus Christi')
INSERT INTO [dbo].[feriado] ([Data],[IdLocal],[Descricao])VALUES('Jul  9 2014 12:00:00:000AM',2,'Revolução de 1932')
INSERT INTO [dbo].[feriado] ([Data],[IdLocal],[Descricao])VALUES('Sep  7 2014 12:00:00:000AM',1,'Dia da Independência')
INSERT INTO [dbo].[feriado] ([Data],[IdLocal],[Descricao])VALUES('Oct 12 2014 12:00:00:000AM',1,'Nossa Senhora Aparecida')
INSERT INTO [dbo].[feriado] ([Data],[IdLocal],[Descricao])VALUES('Nov  2 2014 12:00:00:000AM',1,'Finados')
INSERT INTO [dbo].[feriado] ([Data],[IdLocal],[Descricao])VALUES('Nov 15 2014 12:00:00:000AM',1,'Proclamação da República')
INSERT INTO [dbo].[feriado] ([Data],[IdLocal],[Descricao])VALUES('Nov 20 2014 12:00:00:000AM',2,'Dia da Consciência Negra')
INSERT INTO [dbo].[feriado] ([Data],[IdLocal],[Descricao])VALUES('Dec 24 2014 12:00:00:000AM',2,'Natal - SP')
INSERT INTO [dbo].[feriado] ([Data],[IdLocal],[Descricao])VALUES('Dec 25 2014 12:00:00:000AM',1,'Natal')
INSERT INTO [dbo].[feriado] ([Data],[IdLocal],[Descricao])VALUES('Dec 31 2014 12:00:00:000AM',2,'Ano Novo - SP')
INSERT INTO [dbo].[feriado] ([Data],[IdLocal],[Descricao])VALUES('Jan  1 2015 12:00:00:000AM',1,'Ano Novo')
INSERT INTO [dbo].[feriado] ([Data],[IdLocal],[Descricao])VALUES('Jan 25 2015 12:00:00:000AM',2,'Aniversário de SP')
INSERT INTO [dbo].[feriado] ([Data],[IdLocal],[Descricao])VALUES('Feb 16 2015 12:00:00:000AM',1,'Carnaval')
INSERT INTO [dbo].[feriado] ([Data],[IdLocal],[Descricao])VALUES('Feb 17 2015 12:00:00:000AM',1,'Carnaval')
INSERT INTO [dbo].[feriado] ([Data],[IdLocal],[Descricao])VALUES('Apr  3 2015 12:00:00:000AM',1,'Sexta Feira Santa')
INSERT INTO [dbo].[feriado] ([Data],[IdLocal],[Descricao])VALUES('Apr  5 2015 12:00:00:000AM',1,'Páscoa')
INSERT INTO [dbo].[feriado] ([Data],[IdLocal],[Descricao])VALUES('Apr 21 2015 12:00:00:000AM',1,'Tiradentes')
INSERT INTO [dbo].[feriado] ([Data],[IdLocal],[Descricao])VALUES('May  1 2015 12:00:00:000AM',1,'Dia do Trabalho')
INSERT INTO [dbo].[feriado] ([Data],[IdLocal],[Descricao])VALUES('Jun  4 2015 12:00:00:000AM',1,'Corpus Christi')
INSERT INTO [dbo].[feriado] ([Data],[IdLocal],[Descricao])VALUES('Jul  9 2015 12:00:00:000AM',2,'Revolução de 1932')
INSERT INTO [dbo].[feriado] ([Data],[IdLocal],[Descricao])VALUES('Sep  7 2015 12:00:00:000AM',1,'Dia da Independência')
INSERT INTO [dbo].[feriado] ([Data],[IdLocal],[Descricao])VALUES('Oct 12 2015 12:00:00:000AM',1,'Nossa Senhora Aparecida')
INSERT INTO [dbo].[feriado] ([Data],[IdLocal],[Descricao])VALUES('Nov  2 2015 12:00:00:000AM',1,'Finados')
INSERT INTO [dbo].[feriado] ([Data],[IdLocal],[Descricao])VALUES('Nov 15 2015 12:00:00:000AM',1,'Proclamação da República')
INSERT INTO [dbo].[feriado] ([Data],[IdLocal],[Descricao])VALUES('Nov 20 2015 12:00:00:000AM',2,'Dia da Consciência Negra')
INSERT INTO [dbo].[feriado] ([Data],[IdLocal],[Descricao])VALUES('Dec 24 2015 12:00:00:000AM',2,'Natal - SP')
INSERT INTO [dbo].[feriado] ([Data],[IdLocal],[Descricao])VALUES('Dec 25 2015 12:00:00:000AM',1,'Natal')
INSERT INTO [dbo].[feriado] ([Data],[IdLocal],[Descricao])VALUES('Dec 31 2015 12:00:00:000AM',2,'Ano Novo - SP')
INSERT INTO [dbo].[feriado] ([Data],[IdLocal],[Descricao])VALUES('Jan  1 2016 12:00:00:000AM',1,'Ano Novo')
INSERT INTO [dbo].[feriado] ([Data],[IdLocal],[Descricao])VALUES('Jan 25 2016 12:00:00:000AM',2,'Aniversário de SP')
INSERT INTO [dbo].[feriado] ([Data],[IdLocal],[Descricao])VALUES('Feb  8 2016 12:00:00:000AM',1,'Carnaval')
INSERT INTO [dbo].[feriado] ([Data],[IdLocal],[Descricao])VALUES('Feb  9 2016 12:00:00:000AM',1,'Carnaval')
INSERT INTO [dbo].[feriado] ([Data],[IdLocal],[Descricao])VALUES('Mar 25 2016 12:00:00:000AM',1,'Sexta Feira Santa')
INSERT INTO [dbo].[feriado] ([Data],[IdLocal],[Descricao])VALUES('Mar 27 2016 12:00:00:000AM',1,'Páscoa')
INSERT INTO [dbo].[feriado] ([Data],[IdLocal],[Descricao])VALUES('Apr 21 2016 12:00:00:000AM',1,'Tiradentes')
INSERT INTO [dbo].[feriado] ([Data],[IdLocal],[Descricao])VALUES('May  1 2016 12:00:00:000AM',1,'Dia do Trabalho')
INSERT INTO [dbo].[feriado] ([Data],[IdLocal],[Descricao])VALUES('May 26 2016 12:00:00:000AM',1,'Corpus Christi')
INSERT INTO [dbo].[feriado] ([Data],[IdLocal],[Descricao])VALUES('Jul  9 2016 12:00:00:000AM',2,'Revolução de 1932')
INSERT INTO [dbo].[feriado] ([Data],[IdLocal],[Descricao])VALUES('Sep  7 2016 12:00:00:000AM',1,'Dia da Independência')
INSERT INTO [dbo].[feriado] ([Data],[IdLocal],[Descricao])VALUES('Oct 12 2016 12:00:00:000AM',1,'Nossa Senhora Aparecida')
INSERT INTO [dbo].[feriado] ([Data],[IdLocal],[Descricao])VALUES('Nov  2 2016 12:00:00:000AM',1,'Finados')
INSERT INTO [dbo].[feriado] ([Data],[IdLocal],[Descricao])VALUES('Nov 15 2016 12:00:00:000AM',1,'Proclamação da República')
INSERT INTO [dbo].[feriado] ([Data],[IdLocal],[Descricao])VALUES('Nov 20 2016 12:00:00:000AM',2,'Dia da Consciência Negra')
INSERT INTO [dbo].[feriado] ([Data],[IdLocal],[Descricao])VALUES('Dec 24 2016 12:00:00:000AM',2,'Natal - SP')
INSERT INTO [dbo].[feriado] ([Data],[IdLocal],[Descricao])VALUES('Dec 25 2016 12:00:00:000AM',1,'Natal')
INSERT INTO [dbo].[feriado] ([Data],[IdLocal],[Descricao])VALUES('Dec 31 2016 12:00:00:000AM',2,'Ano Novo - SP')
INSERT INTO [dbo].[feriado] ([Data],[IdLocal],[Descricao])VALUES('Jan  1 2017 12:00:00:000AM',1,'Ano Novo')
INSERT INTO [dbo].[feriado] ([Data],[IdLocal],[Descricao])VALUES('Jan 25 2017 12:00:00:000AM',2,'Aniversário de SP')
INSERT INTO [dbo].[feriado] ([Data],[IdLocal],[Descricao])VALUES('Feb 27 2017 12:00:00:000AM',1,'Carnaval')
INSERT INTO [dbo].[feriado] ([Data],[IdLocal],[Descricao])VALUES('Feb 28 2017 12:00:00:000AM',1,'Carnaval')
INSERT INTO [dbo].[feriado] ([Data],[IdLocal],[Descricao])VALUES('Apr 14 2017 12:00:00:000AM',1,'Sexta Feira Santa')
INSERT INTO [dbo].[feriado] ([Data],[IdLocal],[Descricao])VALUES('Apr 16 2017 12:00:00:000AM',1,'Páscoa')
INSERT INTO [dbo].[feriado] ([Data],[IdLocal],[Descricao])VALUES('Apr 21 2017 12:00:00:000AM',1,'Tiradentes')
INSERT INTO [dbo].[feriado] ([Data],[IdLocal],[Descricao])VALUES('May  1 2017 12:00:00:000AM',1,'Dia do Trabalho')
INSERT INTO [dbo].[feriado] ([Data],[IdLocal],[Descricao])VALUES('Jun 15 2017 12:00:00:000AM',1,'Corpus Christi')
INSERT INTO [dbo].[feriado] ([Data],[IdLocal],[Descricao])VALUES('Jul  9 2017 12:00:00:000AM',2,'Revolução de 1932')
INSERT INTO [dbo].[feriado] ([Data],[IdLocal],[Descricao])VALUES('Sep  7 2017 12:00:00:000AM',1,'Dia da Independência')
INSERT INTO [dbo].[feriado] ([Data],[IdLocal],[Descricao])VALUES('Oct 12 2017 12:00:00:000AM',1,'Nossa Senhora Aparecida')
INSERT INTO [dbo].[feriado] ([Data],[IdLocal],[Descricao])VALUES('Nov  2 2017 12:00:00:000AM',1,'Finados')
INSERT INTO [dbo].[feriado] ([Data],[IdLocal],[Descricao])VALUES('Nov 15 2017 12:00:00:000AM',1,'Proclamação da República')
INSERT INTO [dbo].[feriado] ([Data],[IdLocal],[Descricao])VALUES('Nov 20 2017 12:00:00:000AM',2,'Dia da Consciência Negra')
INSERT INTO [dbo].[feriado] ([Data],[IdLocal],[Descricao])VALUES('Dec 24 2017 12:00:00:000AM',2,'Natal - SP')
INSERT INTO [dbo].[feriado] ([Data],[IdLocal],[Descricao])VALUES('Dec 25 2017 12:00:00:000AM',1,'Natal')
INSERT INTO [dbo].[feriado] ([Data],[IdLocal],[Descricao])VALUES('Dec 31 2017 12:00:00:000AM',2,'Ano Novo - SP')
INSERT INTO [dbo].[feriado] ([Data],[IdLocal],[Descricao])VALUES('Jan  1 2018 12:00:00:000AM',1,'Ano Novo')
INSERT INTO [dbo].[feriado] ([Data],[IdLocal],[Descricao])VALUES('Jan 25 2018 12:00:00:000AM',2,'Aniversário de SP')
INSERT INTO [dbo].[feriado] ([Data],[IdLocal],[Descricao])VALUES('Feb 12 2018 12:00:00:000AM',1,'Carnaval')
INSERT INTO [dbo].[feriado] ([Data],[IdLocal],[Descricao])VALUES('Feb 13 2018 12:00:00:000AM',1,'Carnaval')
INSERT INTO [dbo].[feriado] ([Data],[IdLocal],[Descricao])VALUES('Mar 30 2018 12:00:00:000AM',1,'Sexta Feira Santa')
INSERT INTO [dbo].[feriado] ([Data],[IdLocal],[Descricao])VALUES('Apr  1 2018 12:00:00:000AM',1,'Páscoa')
INSERT INTO [dbo].[feriado] ([Data],[IdLocal],[Descricao])VALUES('Apr 21 2018 12:00:00:000AM',1,'Tiradentes')
INSERT INTO [dbo].[feriado] ([Data],[IdLocal],[Descricao])VALUES('May  1 2018 12:00:00:000AM',1,'Dia do Trabalho')
INSERT INTO [dbo].[feriado] ([Data],[IdLocal],[Descricao])VALUES('May 31 2018 12:00:00:000AM',1,'Corpus Christi')
INSERT INTO [dbo].[feriado] ([Data],[IdLocal],[Descricao])VALUES('Jul  9 2018 12:00:00:000AM',2,'Revolução de 1932')
INSERT INTO [dbo].[feriado] ([Data],[IdLocal],[Descricao])VALUES('Sep  7 2018 12:00:00:000AM',1,'Dia da Independência')
INSERT INTO [dbo].[feriado] ([Data],[IdLocal],[Descricao])VALUES('Oct 12 2018 12:00:00:000AM',1,'Nossa Senhora Aparecida')
INSERT INTO [dbo].[feriado] ([Data],[IdLocal],[Descricao])VALUES('Nov  2 2018 12:00:00:000AM',1,'Finados')
INSERT INTO [dbo].[feriado] ([Data],[IdLocal],[Descricao])VALUES('Nov 15 2018 12:00:00:000AM',1,'Proclamação da República')
INSERT INTO [dbo].[feriado] ([Data],[IdLocal],[Descricao])VALUES('Nov 20 2018 12:00:00:000AM',2,'Dia da Consciência Negra')
INSERT INTO [dbo].[feriado] ([Data],[IdLocal],[Descricao])VALUES('Dec 24 2018 12:00:00:000AM',2,'Natal - SP')
INSERT INTO [dbo].[feriado] ([Data],[IdLocal],[Descricao])VALUES('Dec 25 2018 12:00:00:000AM',1,'Natal')
INSERT INTO [dbo].[feriado] ([Data],[IdLocal],[Descricao])VALUES('Dec 31 2018 12:00:00:000AM',2,'Ano Novo - SP')
INSERT INTO [dbo].[feriado] ([Data],[IdLocal],[Descricao])VALUES('Jan  1 2019 12:00:00:000AM',1,'Ano Novo')
INSERT INTO [dbo].[feriado] ([Data],[IdLocal],[Descricao])VALUES('Jan 25 2019 12:00:00:000AM',2,'Aniversário de SP')
INSERT INTO [dbo].[feriado] ([Data],[IdLocal],[Descricao])VALUES('Mar  4 2019 12:00:00:000AM',1,'Carnaval')
INSERT INTO [dbo].[feriado] ([Data],[IdLocal],[Descricao])VALUES('Mar  5 2019 12:00:00:000AM',1,'Carnaval')
INSERT INTO [dbo].[feriado] ([Data],[IdLocal],[Descricao])VALUES('Apr 19 2019 12:00:00:000AM',1,'Sexta Feira Santa')
INSERT INTO [dbo].[feriado] ([Data],[IdLocal],[Descricao])VALUES('Apr 21 2019 12:00:00:000AM',1,'Páscoa')
INSERT INTO [dbo].[feriado] ([Data],[IdLocal],[Descricao])VALUES('May  1 2019 12:00:00:000AM',1,'Dia do Trabalho')
INSERT INTO [dbo].[feriado] ([Data],[IdLocal],[Descricao])VALUES('Jun 20 2019 12:00:00:000AM',1,'Corpus Christi')
INSERT INTO [dbo].[feriado] ([Data],[IdLocal],[Descricao])VALUES('Jul  9 2019 12:00:00:000AM',2,'Revolução de 1932')
INSERT INTO [dbo].[feriado] ([Data],[IdLocal],[Descricao])VALUES('Sep  7 2019 12:00:00:000AM',1,'Dia da Independência')
INSERT INTO [dbo].[feriado] ([Data],[IdLocal],[Descricao])VALUES('Oct 12 2019 12:00:00:000AM',1,'Nossa Senhora Aparecida')
INSERT INTO [dbo].[feriado] ([Data],[IdLocal],[Descricao])VALUES('Nov  2 2019 12:00:00:000AM',1,'Finados')
INSERT INTO [dbo].[feriado] ([Data],[IdLocal],[Descricao])VALUES('Nov 15 2019 12:00:00:000AM',1,'Proclamação da República')
INSERT INTO [dbo].[feriado] ([Data],[IdLocal],[Descricao])VALUES('Nov 20 2019 12:00:00:000AM',2,'Dia da Consciência Negra')
INSERT INTO [dbo].[feriado] ([Data],[IdLocal],[Descricao])VALUES('Dec 24 2019 12:00:00:000AM',2,'Natal - SP')
INSERT INTO [dbo].[feriado] ([Data],[IdLocal],[Descricao])VALUES('Dec 25 2019 12:00:00:000AM',1,'Natal')
INSERT INTO [dbo].[feriado] ([Data],[IdLocal],[Descricao])VALUES('Dec 31 2019 12:00:00:000AM',2,'Ano Novo - SP')
INSERT INTO [dbo].[feriado] ([Data],[IdLocal],[Descricao])VALUES('Jan  1 2020 12:00:00:000AM',1,'Ano Novo')
INSERT INTO [dbo].[feriado] ([Data],[IdLocal],[Descricao])VALUES('Jan 25 2020 12:00:00:000AM',2,'Aniversário de SP')
INSERT INTO [dbo].[feriado] ([Data],[IdLocal],[Descricao])VALUES('Feb 24 2020 12:00:00:000AM',1,'Carnaval')
INSERT INTO [dbo].[feriado] ([Data],[IdLocal],[Descricao])VALUES('Feb 25 2020 12:00:00:000AM',1,'Carnaval')
INSERT INTO [dbo].[feriado] ([Data],[IdLocal],[Descricao])VALUES('Apr 10 2020 12:00:00:000AM',1,'Sexta Feira Santa')
INSERT INTO [dbo].[feriado] ([Data],[IdLocal],[Descricao])VALUES('Apr 12 2020 12:00:00:000AM',1,'Páscoa')
INSERT INTO [dbo].[feriado] ([Data],[IdLocal],[Descricao])VALUES('Apr 21 2020 12:00:00:000AM',1,'Tiradentes')
INSERT INTO [dbo].[feriado] ([Data],[IdLocal],[Descricao])VALUES('May  1 2020 12:00:00:000AM',1,'Dia do Trabalho')
INSERT INTO [dbo].[feriado] ([Data],[IdLocal],[Descricao])VALUES('Jun 11 2020 12:00:00:000AM',1,'Corpus Christi')
INSERT INTO [dbo].[feriado] ([Data],[IdLocal],[Descricao])VALUES('Jul  9 2020 12:00:00:000AM',2,'Revolução de 1932')
INSERT INTO [dbo].[feriado] ([Data],[IdLocal],[Descricao])VALUES('Sep  7 2020 12:00:00:000AM',1,'Dia da Independência')
INSERT INTO [dbo].[feriado] ([Data],[IdLocal],[Descricao])VALUES('Oct 12 2020 12:00:00:000AM',1,'Nossa Senhora Aparecida')
INSERT INTO [dbo].[feriado] ([Data],[IdLocal],[Descricao])VALUES('Nov  2 2020 12:00:00:000AM',1,'Finados')
INSERT INTO [dbo].[feriado] ([Data],[IdLocal],[Descricao])VALUES('Nov 15 2020 12:00:00:000AM',1,'Proclamação da República')
INSERT INTO [dbo].[feriado] ([Data],[IdLocal],[Descricao])VALUES('Nov 20 2020 12:00:00:000AM',2,'Dia da Consciência Negra')
INSERT INTO [dbo].[feriado] ([Data],[IdLocal],[Descricao])VALUES('Dec 24 2020 12:00:00:000AM',2,'Natal - SP')
INSERT INTO [dbo].[feriado] ([Data],[IdLocal],[Descricao])VALUES('Dec 25 2020 12:00:00:000AM',1,'Natal')
INSERT INTO [dbo].[feriado] ([Data],[IdLocal],[Descricao])VALUES('Dec 31 2020 12:00:00:000AM',2,'Ano Novo - SP')
INSERT INTO [dbo].[feriado] ([Data],[IdLocal],[Descricao])VALUES('Jan  1 2021 12:00:00:000AM',1,'Ano Novo')
INSERT INTO [dbo].[feriado] ([Data],[IdLocal],[Descricao])VALUES('Jan 25 2021 12:00:00:000AM',2,'Aniversário de SP')
INSERT INTO [dbo].[feriado] ([Data],[IdLocal],[Descricao])VALUES('Feb 15 2021 12:00:00:000AM',1,'Carnaval')
INSERT INTO [dbo].[feriado] ([Data],[IdLocal],[Descricao])VALUES('Feb 16 2021 12:00:00:000AM',1,'Carnaval')
INSERT INTO [dbo].[feriado] ([Data],[IdLocal],[Descricao])VALUES('Apr  2 2021 12:00:00:000AM',1,'Sexta Feira Santa')
INSERT INTO [dbo].[feriado] ([Data],[IdLocal],[Descricao])VALUES('Apr  4 2021 12:00:00:000AM',1,'Páscoa')
INSERT INTO [dbo].[feriado] ([Data],[IdLocal],[Descricao])VALUES('Apr 21 2021 12:00:00:000AM',1,'Tiradentes')
INSERT INTO [dbo].[feriado] ([Data],[IdLocal],[Descricao])VALUES('May  1 2021 12:00:00:000AM',1,'Dia do Trabalho')
INSERT INTO [dbo].[feriado] ([Data],[IdLocal],[Descricao])VALUES('Jun  3 2021 12:00:00:000AM',1,'Corpus Christi')
INSERT INTO [dbo].[feriado] ([Data],[IdLocal],[Descricao])VALUES('Jul  9 2021 12:00:00:000AM',2,'Revolução de 1932')
INSERT INTO [dbo].[feriado] ([Data],[IdLocal],[Descricao])VALUES('Sep  7 2021 12:00:00:000AM',1,'Dia da Independência')
INSERT INTO [dbo].[feriado] ([Data],[IdLocal],[Descricao])VALUES('Oct 12 2021 12:00:00:000AM',1,'Nossa Senhora Aparecida')
INSERT INTO [dbo].[feriado] ([Data],[IdLocal],[Descricao])VALUES('Nov  2 2021 12:00:00:000AM',1,'Finados')
INSERT INTO [dbo].[feriado] ([Data],[IdLocal],[Descricao])VALUES('Nov 15 2021 12:00:00:000AM',1,'Proclamação da República')
INSERT INTO [dbo].[feriado] ([Data],[IdLocal],[Descricao])VALUES('Nov 20 2021 12:00:00:000AM',2,'Dia da Consciência Negra')
INSERT INTO [dbo].[feriado] ([Data],[IdLocal],[Descricao])VALUES('Dec 24 2021 12:00:00:000AM',2,'Natal - SP')
INSERT INTO [dbo].[feriado] ([Data],[IdLocal],[Descricao])VALUES('Dec 25 2021 12:00:00:000AM',1,'Natal')
INSERT INTO [dbo].[feriado] ([Data],[IdLocal],[Descricao])VALUES('Dec 31 2021 12:00:00:000AM',2,'Ano Novo - SP')
INSERT INTO [dbo].[feriado] ([Data],[IdLocal],[Descricao])VALUES('Jan  1 2022 12:00:00:000AM',1,'Ano Novo')
INSERT INTO [dbo].[feriado] ([Data],[IdLocal],[Descricao])VALUES('Jan 25 2022 12:00:00:000AM',2,'Aniversário de SP')
INSERT INTO [dbo].[feriado] ([Data],[IdLocal],[Descricao])VALUES('Feb 28 2022 12:00:00:000AM',1,'Carnaval')
INSERT INTO [dbo].[feriado] ([Data],[IdLocal],[Descricao])VALUES('Mar  1 2022 12:00:00:000AM',1,'Carnaval')
INSERT INTO [dbo].[feriado] ([Data],[IdLocal],[Descricao])VALUES('Apr 15 2022 12:00:00:000AM',1,'Sexta Feira Santa')
INSERT INTO [dbo].[feriado] ([Data],[IdLocal],[Descricao])VALUES('Apr 17 2022 12:00:00:000AM',1,'Páscoa')
INSERT INTO [dbo].[feriado] ([Data],[IdLocal],[Descricao])VALUES('Apr 21 2022 12:00:00:000AM',1,'Tiradentes')
INSERT INTO [dbo].[feriado] ([Data],[IdLocal],[Descricao])VALUES('May  1 2022 12:00:00:000AM',1,'Dia do Trabalho')
INSERT INTO [dbo].[feriado] ([Data],[IdLocal],[Descricao])VALUES('Jun 16 2022 12:00:00:000AM',1,'Corpus Christi')
INSERT INTO [dbo].[feriado] ([Data],[IdLocal],[Descricao])VALUES('Jul  9 2022 12:00:00:000AM',2,'Revolução de 1932')
INSERT INTO [dbo].[feriado] ([Data],[IdLocal],[Descricao])VALUES('Sep  7 2022 12:00:00:000AM',1,'Dia da Independência')
INSERT INTO [dbo].[feriado] ([Data],[IdLocal],[Descricao])VALUES('Oct 12 2022 12:00:00:000AM',1,'Nossa Senhora Aparecida')
INSERT INTO [dbo].[feriado] ([Data],[IdLocal],[Descricao])VALUES('Nov  2 2022 12:00:00:000AM',1,'Finados')
INSERT INTO [dbo].[feriado] ([Data],[IdLocal],[Descricao])VALUES('Nov 15 2022 12:00:00:000AM',1,'Proclamação da República')
INSERT INTO [dbo].[feriado] ([Data],[IdLocal],[Descricao])VALUES('Nov 20 2022 12:00:00:000AM',2,'Dia da Consciência Negra')
INSERT INTO [dbo].[feriado] ([Data],[IdLocal],[Descricao])VALUES('Dec 24 2022 12:00:00:000AM',2,'Natal - SP')
INSERT INTO [dbo].[feriado] ([Data],[IdLocal],[Descricao])VALUES('Dec 25 2022 12:00:00:000AM',1,'Natal')
INSERT INTO [dbo].[feriado] ([Data],[IdLocal],[Descricao])VALUES('Dec 31 2022 12:00:00:000AM',2,'Ano Novo - SP')
INSERT INTO [dbo].[feriado] ([Data],[IdLocal],[Descricao])VALUES('Jan  1 2023 12:00:00:000AM',1,'Ano Novo')
INSERT INTO [dbo].[feriado] ([Data],[IdLocal],[Descricao])VALUES('Jan 25 2023 12:00:00:000AM',2,'Aniversário de SP')
INSERT INTO [dbo].[feriado] ([Data],[IdLocal],[Descricao])VALUES('Feb 20 2023 12:00:00:000AM',1,'Carnaval')
INSERT INTO [dbo].[feriado] ([Data],[IdLocal],[Descricao])VALUES('Feb 21 2023 12:00:00:000AM',1,'Carnaval')
INSERT INTO [dbo].[feriado] ([Data],[IdLocal],[Descricao])VALUES('Apr  7 2023 12:00:00:000AM',1,'Sexta Feira Santa')
INSERT INTO [dbo].[feriado] ([Data],[IdLocal],[Descricao])VALUES('Apr  9 2023 12:00:00:000AM',1,'Páscoa')
INSERT INTO [dbo].[feriado] ([Data],[IdLocal],[Descricao])VALUES('Apr 21 2023 12:00:00:000AM',1,'Tiradentes')
INSERT INTO [dbo].[feriado] ([Data],[IdLocal],[Descricao])VALUES('May  1 2023 12:00:00:000AM',1,'Dia do Trabalho')
INSERT INTO [dbo].[feriado] ([Data],[IdLocal],[Descricao])VALUES('Jun  8 2023 12:00:00:000AM',1,'Corpus Christi')
INSERT INTO [dbo].[feriado] ([Data],[IdLocal],[Descricao])VALUES('Jul  9 2023 12:00:00:000AM',2,'Revolução de 1932')
INSERT INTO [dbo].[feriado] ([Data],[IdLocal],[Descricao])VALUES('Sep  7 2023 12:00:00:000AM',1,'Dia da Independência')
INSERT INTO [dbo].[feriado] ([Data],[IdLocal],[Descricao])VALUES('Oct 12 2023 12:00:00:000AM',1,'Nossa Senhora Aparecida')
INSERT INTO [dbo].[feriado] ([Data],[IdLocal],[Descricao])VALUES('Nov  2 2023 12:00:00:000AM',1,'Finados')
INSERT INTO [dbo].[feriado] ([Data],[IdLocal],[Descricao])VALUES('Nov 15 2023 12:00:00:000AM',1,'Proclamação da República')
INSERT INTO [dbo].[feriado] ([Data],[IdLocal],[Descricao])VALUES('Nov 20 2023 12:00:00:000AM',2,'Dia da Consciência Negra')
INSERT INTO [dbo].[feriado] ([Data],[IdLocal],[Descricao])VALUES('Dec 24 2023 12:00:00:000AM',2,'Natal - SP')
INSERT INTO [dbo].[feriado] ([Data],[IdLocal],[Descricao])VALUES('Dec 25 2023 12:00:00:000AM',1,'Natal')
INSERT INTO [dbo].[feriado] ([Data],[IdLocal],[Descricao])VALUES('Dec 31 2023 12:00:00:000AM',2,'Ano Novo - SP')
INSERT INTO [dbo].[feriado] ([Data],[IdLocal],[Descricao])VALUES('Jan  1 2024 12:00:00:000AM',1,'Ano Novo')
INSERT INTO [dbo].[feriado] ([Data],[IdLocal],[Descricao])VALUES('Jan 25 2024 12:00:00:000AM',2,'Aniversário de SP')
INSERT INTO [dbo].[feriado] ([Data],[IdLocal],[Descricao])VALUES('Feb 12 2024 12:00:00:000AM',1,'Carnaval')
INSERT INTO [dbo].[feriado] ([Data],[IdLocal],[Descricao])VALUES('Feb 13 2024 12:00:00:000AM',1,'Carnaval')
INSERT INTO [dbo].[feriado] ([Data],[IdLocal],[Descricao])VALUES('Mar 29 2024 12:00:00:000AM',1,'Sexta Feira Santa')
INSERT INTO [dbo].[feriado] ([Data],[IdLocal],[Descricao])VALUES('Mar 31 2024 12:00:00:000AM',1,'Páscoa')
INSERT INTO [dbo].[feriado] ([Data],[IdLocal],[Descricao])VALUES('Apr 21 2024 12:00:00:000AM',1,'Tiradentes')
INSERT INTO [dbo].[feriado] ([Data],[IdLocal],[Descricao])VALUES('May  1 2024 12:00:00:000AM',1,'Dia do Trabalho')
INSERT INTO [dbo].[feriado] ([Data],[IdLocal],[Descricao])VALUES('May 30 2024 12:00:00:000AM',1,'Corpus Christi')
INSERT INTO [dbo].[feriado] ([Data],[IdLocal],[Descricao])VALUES('Jul  9 2024 12:00:00:000AM',2,'Revolução de 1932')
INSERT INTO [dbo].[feriado] ([Data],[IdLocal],[Descricao])VALUES('Sep  7 2024 12:00:00:000AM',1,'Dia da Independência')
INSERT INTO [dbo].[feriado] ([Data],[IdLocal],[Descricao])VALUES('Oct 12 2024 12:00:00:000AM',1,'Nossa Senhora Aparecida')
INSERT INTO [dbo].[feriado] ([Data],[IdLocal],[Descricao])VALUES('Nov  2 2024 12:00:00:000AM',1,'Finados')
INSERT INTO [dbo].[feriado] ([Data],[IdLocal],[Descricao])VALUES('Nov 15 2024 12:00:00:000AM',1,'Proclamação da República')
INSERT INTO [dbo].[feriado] ([Data],[IdLocal],[Descricao])VALUES('Nov 20 2024 12:00:00:000AM',2,'Dia da Consciência Negra')
INSERT INTO [dbo].[feriado] ([Data],[IdLocal],[Descricao])VALUES('Dec 24 2024 12:00:00:000AM',2,'Natal - SP')
INSERT INTO [dbo].[feriado] ([Data],[IdLocal],[Descricao])VALUES('Dec 25 2024 12:00:00:000AM',1,'Natal')
INSERT INTO [dbo].[feriado] ([Data],[IdLocal],[Descricao])VALUES('Dec 31 2024 12:00:00:000AM',2,'Ano Novo - SP')
INSERT INTO [dbo].[feriado] ([Data],[IdLocal],[Descricao])VALUES('Jan  1 2025 12:00:00:000AM',1,'Ano Novo')
INSERT INTO [dbo].[feriado] ([Data],[IdLocal],[Descricao])VALUES('Jan 25 2025 12:00:00:000AM',2,'Aniversário de SP')
INSERT INTO [dbo].[feriado] ([Data],[IdLocal],[Descricao])VALUES('Mar  3 2025 12:00:00:000AM',1,'Carnaval')
INSERT INTO [dbo].[feriado] ([Data],[IdLocal],[Descricao])VALUES('Mar  4 2025 12:00:00:000AM',1,'Carnaval')
INSERT INTO [dbo].[feriado] ([Data],[IdLocal],[Descricao])VALUES('Apr 18 2025 12:00:00:000AM',1,'Sexta Feira Santa')
INSERT INTO [dbo].[feriado] ([Data],[IdLocal],[Descricao])VALUES('Apr 20 2025 12:00:00:000AM',1,'Páscoa')
INSERT INTO [dbo].[feriado] ([Data],[IdLocal],[Descricao])VALUES('Apr 21 2025 12:00:00:000AM',1,'Tiradentes')
INSERT INTO [dbo].[feriado] ([Data],[IdLocal],[Descricao])VALUES('May  1 2025 12:00:00:000AM',1,'Dia do Trabalho')
INSERT INTO [dbo].[feriado] ([Data],[IdLocal],[Descricao])VALUES('Jun 19 2025 12:00:00:000AM',1,'Corpus Christi')
INSERT INTO [dbo].[feriado] ([Data],[IdLocal],[Descricao])VALUES('Jul  9 2025 12:00:00:000AM',2,'Revolução de 1932')
INSERT INTO [dbo].[feriado] ([Data],[IdLocal],[Descricao])VALUES('Sep  7 2025 12:00:00:000AM',1,'Dia da Independência')
INSERT INTO [dbo].[feriado] ([Data],[IdLocal],[Descricao])VALUES('Oct 12 2025 12:00:00:000AM',1,'Nossa Senhora Aparecida')
INSERT INTO [dbo].[feriado] ([Data],[IdLocal],[Descricao])VALUES('Nov  2 2025 12:00:00:000AM',1,'Finados')
INSERT INTO [dbo].[feriado] ([Data],[IdLocal],[Descricao])VALUES('Nov 15 2025 12:00:00:000AM',1,'Proclamação da República')
INSERT INTO [dbo].[feriado] ([Data],[IdLocal],[Descricao])VALUES('Nov 20 2025 12:00:00:000AM',2,'Dia da Consciência Negra')
INSERT INTO [dbo].[feriado] ([Data],[IdLocal],[Descricao])VALUES('Dec 24 2025 12:00:00:000AM',2,'Natal - SP')
INSERT INTO [dbo].[feriado] ([Data],[IdLocal],[Descricao])VALUES('Dec 25 2025 12:00:00:000AM',1,'Natal')
INSERT INTO [dbo].[feriado] ([Data],[IdLocal],[Descricao])VALUES('Dec 31 2025 12:00:00:000AM',2,'Ano Novo - SP')
INSERT INTO [dbo].[feriado] ([Data],[IdLocal],[Descricao])VALUES('Jan  1 2026 12:00:00:000AM',1,'Ano Novo')
INSERT INTO [dbo].[feriado] ([Data],[IdLocal],[Descricao])VALUES('Jan 25 2026 12:00:00:000AM',2,'Aniversário de SP')
INSERT INTO [dbo].[feriado] ([Data],[IdLocal],[Descricao])VALUES('Feb 16 2026 12:00:00:000AM',1,'Carnaval')
INSERT INTO [dbo].[feriado] ([Data],[IdLocal],[Descricao])VALUES('Feb 17 2026 12:00:00:000AM',1,'Carnaval')
INSERT INTO [dbo].[feriado] ([Data],[IdLocal],[Descricao])VALUES('Apr  3 2026 12:00:00:000AM',1,'Sexta Feira Santa')
INSERT INTO [dbo].[feriado] ([Data],[IdLocal],[Descricao])VALUES('Apr  5 2026 12:00:00:000AM',1,'Páscoa')
INSERT INTO [dbo].[feriado] ([Data],[IdLocal],[Descricao])VALUES('Apr 21 2026 12:00:00:000AM',1,'Tiradentes')
INSERT INTO [dbo].[feriado] ([Data],[IdLocal],[Descricao])VALUES('May  1 2026 12:00:00:000AM',1,'Dia do Trabalho')
INSERT INTO [dbo].[feriado] ([Data],[IdLocal],[Descricao])VALUES('Jun  4 2026 12:00:00:000AM',1,'Corpus Christi')
INSERT INTO [dbo].[feriado] ([Data],[IdLocal],[Descricao])VALUES('Jul  9 2026 12:00:00:000AM',2,'Revolução de 1932')
INSERT INTO [dbo].[feriado] ([Data],[IdLocal],[Descricao])VALUES('Sep  7 2026 12:00:00:000AM',1,'Dia da Independência')
INSERT INTO [dbo].[feriado] ([Data],[IdLocal],[Descricao])VALUES('Oct 12 2026 12:00:00:000AM',1,'Nossa Senhora Aparecida')
INSERT INTO [dbo].[feriado] ([Data],[IdLocal],[Descricao])VALUES('Nov  2 2026 12:00:00:000AM',1,'Finados')
INSERT INTO [dbo].[feriado] ([Data],[IdLocal],[Descricao])VALUES('Nov 15 2026 12:00:00:000AM',1,'Proclamação da República')
INSERT INTO [dbo].[feriado] ([Data],[IdLocal],[Descricao])VALUES('Nov 20 2026 12:00:00:000AM',2,'Dia da Consciência Negra')
INSERT INTO [dbo].[feriado] ([Data],[IdLocal],[Descricao])VALUES('Dec 24 2026 12:00:00:000AM',2,'Natal - SP')
INSERT INTO [dbo].[feriado] ([Data],[IdLocal],[Descricao])VALUES('Dec 25 2026 12:00:00:000AM',1,'Natal')
INSERT INTO [dbo].[feriado] ([Data],[IdLocal],[Descricao])VALUES('Dec 31 2026 12:00:00:000AM',2,'Ano Novo - SP')
INSERT INTO [dbo].[feriado] ([Data],[IdLocal],[Descricao])VALUES('Jan  1 2027 12:00:00:000AM',1,'Ano Novo')
INSERT INTO [dbo].[feriado] ([Data],[IdLocal],[Descricao])VALUES('Jan 25 2027 12:00:00:000AM',2,'Aniversário de SP')
INSERT INTO [dbo].[feriado] ([Data],[IdLocal],[Descricao])VALUES('Feb  8 2027 12:00:00:000AM',1,'Carnaval')
INSERT INTO [dbo].[feriado] ([Data],[IdLocal],[Descricao])VALUES('Feb  9 2027 12:00:00:000AM',1,'Carnaval')
INSERT INTO [dbo].[feriado] ([Data],[IdLocal],[Descricao])VALUES('Mar 26 2027 12:00:00:000AM',1,'Sexta Feira Santa')
INSERT INTO [dbo].[feriado] ([Data],[IdLocal],[Descricao])VALUES('Mar 28 2027 12:00:00:000AM',1,'Páscoa')
INSERT INTO [dbo].[feriado] ([Data],[IdLocal],[Descricao])VALUES('Apr 21 2027 12:00:00:000AM',1,'Tiradentes')
INSERT INTO [dbo].[feriado] ([Data],[IdLocal],[Descricao])VALUES('May  1 2027 12:00:00:000AM',1,'Dia do Trabalho')
INSERT INTO [dbo].[feriado] ([Data],[IdLocal],[Descricao])VALUES('May 27 2027 12:00:00:000AM',1,'Corpus Christi')
INSERT INTO [dbo].[feriado] ([Data],[IdLocal],[Descricao])VALUES('Jul  9 2027 12:00:00:000AM',2,'Revolução de 1932')
INSERT INTO [dbo].[feriado] ([Data],[IdLocal],[Descricao])VALUES('Sep  7 2027 12:00:00:000AM',1,'Dia da Independência')
INSERT INTO [dbo].[feriado] ([Data],[IdLocal],[Descricao])VALUES('Oct 12 2027 12:00:00:000AM',1,'Nossa Senhora Aparecida')
INSERT INTO [dbo].[feriado] ([Data],[IdLocal],[Descricao])VALUES('Nov  2 2027 12:00:00:000AM',1,'Finados')
INSERT INTO [dbo].[feriado] ([Data],[IdLocal],[Descricao])VALUES('Nov 15 2027 12:00:00:000AM',1,'Proclamação da República')
INSERT INTO [dbo].[feriado] ([Data],[IdLocal],[Descricao])VALUES('Nov 20 2027 12:00:00:000AM',2,'Dia da Consciência Negra')
INSERT INTO [dbo].[feriado] ([Data],[IdLocal],[Descricao])VALUES('Dec 24 2027 12:00:00:000AM',2,'Natal - SP')
INSERT INTO [dbo].[feriado] ([Data],[IdLocal],[Descricao])VALUES('Dec 25 2027 12:00:00:000AM',1,'Natal')
INSERT INTO [dbo].[feriado] ([Data],[IdLocal],[Descricao])VALUES('Dec 31 2027 12:00:00:000AM',2,'Ano Novo - SP')
INSERT INTO [dbo].[feriado] ([Data],[IdLocal],[Descricao])VALUES('Jan  1 2028 12:00:00:000AM',1,'Ano Novo')
INSERT INTO [dbo].[feriado] ([Data],[IdLocal],[Descricao])VALUES('Jan 25 2028 12:00:00:000AM',2,'Aniversário de SP')
INSERT INTO [dbo].[feriado] ([Data],[IdLocal],[Descricao])VALUES('Feb 28 2028 12:00:00:000AM',1,'Carnaval')
INSERT INTO [dbo].[feriado] ([Data],[IdLocal],[Descricao])VALUES('Feb 29 2028 12:00:00:000AM',1,'Carnaval')
INSERT INTO [dbo].[feriado] ([Data],[IdLocal],[Descricao])VALUES('Apr 14 2028 12:00:00:000AM',1,'Sexta Feira Santa')
INSERT INTO [dbo].[feriado] ([Data],[IdLocal],[Descricao])VALUES('Apr 16 2028 12:00:00:000AM',1,'Páscoa')
INSERT INTO [dbo].[feriado] ([Data],[IdLocal],[Descricao])VALUES('Apr 21 2028 12:00:00:000AM',1,'Tiradentes')
INSERT INTO [dbo].[feriado] ([Data],[IdLocal],[Descricao])VALUES('May  1 2028 12:00:00:000AM',1,'Dia do Trabalho')
INSERT INTO [dbo].[feriado] ([Data],[IdLocal],[Descricao])VALUES('Jun 15 2028 12:00:00:000AM',1,'Corpus Christi')
INSERT INTO [dbo].[feriado] ([Data],[IdLocal],[Descricao])VALUES('Jul  9 2028 12:00:00:000AM',2,'Revolução de 1932')
INSERT INTO [dbo].[feriado] ([Data],[IdLocal],[Descricao])VALUES('Sep  7 2028 12:00:00:000AM',1,'Dia da Independência')
INSERT INTO [dbo].[feriado] ([Data],[IdLocal],[Descricao])VALUES('Oct 12 2028 12:00:00:000AM',1,'Nossa Senhora Aparecida')
INSERT INTO [dbo].[feriado] ([Data],[IdLocal],[Descricao])VALUES('Nov  2 2028 12:00:00:000AM',1,'Finados')
INSERT INTO [dbo].[feriado] ([Data],[IdLocal],[Descricao])VALUES('Nov 15 2028 12:00:00:000AM',1,'Proclamação da República')
INSERT INTO [dbo].[feriado] ([Data],[IdLocal],[Descricao])VALUES('Nov 20 2028 12:00:00:000AM',2,'Dia da Consciência Negra')
INSERT INTO [dbo].[feriado] ([Data],[IdLocal],[Descricao])VALUES('Dec 24 2028 12:00:00:000AM',2,'Natal - SP')
INSERT INTO [dbo].[feriado] ([Data],[IdLocal],[Descricao])VALUES('Dec 25 2028 12:00:00:000AM',1,'Natal')
INSERT INTO [dbo].[feriado] ([Data],[IdLocal],[Descricao])VALUES('Dec 31 2028 12:00:00:000AM',2,'Ano Novo - SP')
INSERT INTO [dbo].[feriado] ([Data],[IdLocal],[Descricao])VALUES('Jan  1 2029 12:00:00:000AM',1,'Ano Novo')
INSERT INTO [dbo].[feriado] ([Data],[IdLocal],[Descricao])VALUES('Jan 25 2029 12:00:00:000AM',2,'Aniversário de SP')
INSERT INTO [dbo].[feriado] ([Data],[IdLocal],[Descricao])VALUES('Feb 12 2029 12:00:00:000AM',1,'Carnaval')
INSERT INTO [dbo].[feriado] ([Data],[IdLocal],[Descricao])VALUES('Feb 13 2029 12:00:00:000AM',1,'Carnaval')
INSERT INTO [dbo].[feriado] ([Data],[IdLocal],[Descricao])VALUES('Mar 30 2029 12:00:00:000AM',1,'Sexta Feira Santa')
INSERT INTO [dbo].[feriado] ([Data],[IdLocal],[Descricao])VALUES('Apr  1 2029 12:00:00:000AM',1,'Páscoa')
INSERT INTO [dbo].[feriado] ([Data],[IdLocal],[Descricao])VALUES('Apr 21 2029 12:00:00:000AM',1,'Tiradentes')
INSERT INTO [dbo].[feriado] ([Data],[IdLocal],[Descricao])VALUES('May  1 2029 12:00:00:000AM',1,'Dia do Trabalho')
INSERT INTO [dbo].[feriado] ([Data],[IdLocal],[Descricao])VALUES('May 31 2029 12:00:00:000AM',1,'Corpus Christi')
INSERT INTO [dbo].[feriado] ([Data],[IdLocal],[Descricao])VALUES('Jul  9 2029 12:00:00:000AM',2,'Revolução de 1932')
INSERT INTO [dbo].[feriado] ([Data],[IdLocal],[Descricao])VALUES('Sep  7 2029 12:00:00:000AM',1,'Dia da Independência')
INSERT INTO [dbo].[feriado] ([Data],[IdLocal],[Descricao])VALUES('Oct 12 2029 12:00:00:000AM',1,'Nossa Senhora Aparecida')
INSERT INTO [dbo].[feriado] ([Data],[IdLocal],[Descricao])VALUES('Nov  2 2029 12:00:00:000AM',1,'Finados')
INSERT INTO [dbo].[feriado] ([Data],[IdLocal],[Descricao])VALUES('Nov 15 2029 12:00:00:000AM',1,'Proclamação da República')
INSERT INTO [dbo].[feriado] ([Data],[IdLocal],[Descricao])VALUES('Nov 20 2029 12:00:00:000AM',2,'Dia da Consciência Negra')
INSERT INTO [dbo].[feriado] ([Data],[IdLocal],[Descricao])VALUES('Dec 24 2029 12:00:00:000AM',2,'Natal - SP')
INSERT INTO [dbo].[feriado] ([Data],[IdLocal],[Descricao])VALUES('Dec 25 2029 12:00:00:000AM',1,'Natal')
INSERT INTO [dbo].[feriado] ([Data],[IdLocal],[Descricao])VALUES('Dec 31 2029 12:00:00:000AM',2,'Ano Novo - SP')
INSERT INTO [dbo].[feriado] ([Data],[IdLocal],[Descricao])VALUES('Jan  1 2030 12:00:00:000AM',1,'Ano Novo')
INSERT INTO [dbo].[feriado] ([Data],[IdLocal],[Descricao])VALUES('Jan 25 2030 12:00:00:000AM',2,'Aniversário de SP')
INSERT INTO [dbo].[feriado] ([Data],[IdLocal],[Descricao])VALUES('Mar  4 2030 12:00:00:000AM',1,'Carnaval')
INSERT INTO [dbo].[feriado] ([Data],[IdLocal],[Descricao])VALUES('Mar  5 2030 12:00:00:000AM',1,'Carnaval')
INSERT INTO [dbo].[feriado] ([Data],[IdLocal],[Descricao])VALUES('Apr 19 2030 12:00:00:000AM',1,'Sexta Feira Santa')
INSERT INTO [dbo].[feriado] ([Data],[IdLocal],[Descricao])VALUES('Apr 21 2030 12:00:00:000AM',1,'Páscoa')
INSERT INTO [dbo].[feriado] ([Data],[IdLocal],[Descricao])VALUES('May  1 2030 12:00:00:000AM',1,'Dia do Trabalho')
INSERT INTO [dbo].[feriado] ([Data],[IdLocal],[Descricao])VALUES('Jun 20 2030 12:00:00:000AM',1,'Corpus Christi')
INSERT INTO [dbo].[feriado] ([Data],[IdLocal],[Descricao])VALUES('Jul  9 2030 12:00:00:000AM',2,'Revolução de 1932')
INSERT INTO [dbo].[feriado] ([Data],[IdLocal],[Descricao])VALUES('Sep  7 2030 12:00:00:000AM',1,'Dia da Independência')
INSERT INTO [dbo].[feriado] ([Data],[IdLocal],[Descricao])VALUES('Oct 12 2030 12:00:00:000AM',1,'Nossa Senhora Aparecida')
INSERT INTO [dbo].[feriado] ([Data],[IdLocal],[Descricao])VALUES('Nov  2 2030 12:00:00:000AM',1,'Finados')
INSERT INTO [dbo].[feriado] ([Data],[IdLocal],[Descricao])VALUES('Nov 15 2030 12:00:00:000AM',1,'Proclamação da República')
INSERT INTO [dbo].[feriado] ([Data],[IdLocal],[Descricao])VALUES('Nov 20 2030 12:00:00:000AM',2,'Dia da Consciência Negra')
INSERT INTO [dbo].[feriado] ([Data],[IdLocal],[Descricao])VALUES('Dec 24 2030 12:00:00:000AM',2,'Natal - SP')
INSERT INTO [dbo].[feriado] ([Data],[IdLocal],[Descricao])VALUES('Dec 25 2030 12:00:00:000AM',1,'Natal')
INSERT INTO [dbo].[feriado] ([Data],[IdLocal],[Descricao])VALUES('Dec 31 2030 12:00:00:000AM',2,'Ano Novo - SP')
INSERT INTO [dbo].[feriado] ([Data],[IdLocal],[Descricao])VALUES('Jan  1 2031 12:00:00:000AM',1,'Ano Novo')
INSERT INTO [dbo].[feriado] ([Data],[IdLocal],[Descricao])VALUES('Jan 25 2031 12:00:00:000AM',2,'Aniversário de SP')
INSERT INTO [dbo].[feriado] ([Data],[IdLocal],[Descricao])VALUES('Feb 24 2031 12:00:00:000AM',1,'Carnaval')
INSERT INTO [dbo].[feriado] ([Data],[IdLocal],[Descricao])VALUES('Feb 25 2031 12:00:00:000AM',1,'Carnaval')
INSERT INTO [dbo].[feriado] ([Data],[IdLocal],[Descricao])VALUES('Apr 11 2031 12:00:00:000AM',1,'Sexta Feira Santa')
INSERT INTO [dbo].[feriado] ([Data],[IdLocal],[Descricao])VALUES('Apr 13 2031 12:00:00:000AM',1,'Páscoa')
INSERT INTO [dbo].[feriado] ([Data],[IdLocal],[Descricao])VALUES('Apr 21 2031 12:00:00:000AM',1,'Tiradentes')
INSERT INTO [dbo].[feriado] ([Data],[IdLocal],[Descricao])VALUES('May  1 2031 12:00:00:000AM',1,'Dia do Trabalho')
INSERT INTO [dbo].[feriado] ([Data],[IdLocal],[Descricao])VALUES('Jun 12 2031 12:00:00:000AM',1,'Corpus Christi')
INSERT INTO [dbo].[feriado] ([Data],[IdLocal],[Descricao])VALUES('Jul  9 2031 12:00:00:000AM',2,'Revolução de 1932')
INSERT INTO [dbo].[feriado] ([Data],[IdLocal],[Descricao])VALUES('Sep  7 2031 12:00:00:000AM',1,'Dia da Independência')
INSERT INTO [dbo].[feriado] ([Data],[IdLocal],[Descricao])VALUES('Oct 12 2031 12:00:00:000AM',1,'Nossa Senhora Aparecida')
INSERT INTO [dbo].[feriado] ([Data],[IdLocal],[Descricao])VALUES('Nov  2 2031 12:00:00:000AM',1,'Finados')
INSERT INTO [dbo].[feriado] ([Data],[IdLocal],[Descricao])VALUES('Nov 15 2031 12:00:00:000AM',1,'Proclamação da República')
INSERT INTO [dbo].[feriado] ([Data],[IdLocal],[Descricao])VALUES('Nov 20 2031 12:00:00:000AM',2,'Dia da Consciência Negra')
INSERT INTO [dbo].[feriado] ([Data],[IdLocal],[Descricao])VALUES('Dec 24 2031 12:00:00:000AM',2,'Natal - SP')
INSERT INTO [dbo].[feriado] ([Data],[IdLocal],[Descricao])VALUES('Dec 25 2031 12:00:00:000AM',1,'Natal')
INSERT INTO [dbo].[feriado] ([Data],[IdLocal],[Descricao])VALUES('Dec 31 2031 12:00:00:000AM',2,'Ano Novo - SP')
INSERT INTO [dbo].[feriado] ([Data],[IdLocal],[Descricao])VALUES('Jan  1 2032 12:00:00:000AM',1,'Ano Novo')
INSERT INTO [dbo].[feriado] ([Data],[IdLocal],[Descricao])VALUES('Jan 25 2032 12:00:00:000AM',2,'Aniversário de SP')
INSERT INTO [dbo].[feriado] ([Data],[IdLocal],[Descricao])VALUES('Feb  9 2032 12:00:00:000AM',1,'Carnaval')
INSERT INTO [dbo].[feriado] ([Data],[IdLocal],[Descricao])VALUES('Feb 10 2032 12:00:00:000AM',1,'Carnaval')
INSERT INTO [dbo].[feriado] ([Data],[IdLocal],[Descricao])VALUES('Mar 26 2032 12:00:00:000AM',1,'Sexta Feira Santa')
INSERT INTO [dbo].[feriado] ([Data],[IdLocal],[Descricao])VALUES('Mar 28 2032 12:00:00:000AM',1,'Páscoa')
INSERT INTO [dbo].[feriado] ([Data],[IdLocal],[Descricao])VALUES('Apr 21 2032 12:00:00:000AM',1,'Tiradentes')
INSERT INTO [dbo].[feriado] ([Data],[IdLocal],[Descricao])VALUES('May  1 2032 12:00:00:000AM',1,'Dia do Trabalho')
INSERT INTO [dbo].[feriado] ([Data],[IdLocal],[Descricao])VALUES('May 27 2032 12:00:00:000AM',1,'Corpus Christi')
INSERT INTO [dbo].[feriado] ([Data],[IdLocal],[Descricao])VALUES('Jul  9 2032 12:00:00:000AM',2,'Revolução de 1932')
INSERT INTO [dbo].[feriado] ([Data],[IdLocal],[Descricao])VALUES('Sep  7 2032 12:00:00:000AM',1,'Dia da Independência')
INSERT INTO [dbo].[feriado] ([Data],[IdLocal],[Descricao])VALUES('Oct 12 2032 12:00:00:000AM',1,'Nossa Senhora Aparecida')
INSERT INTO [dbo].[feriado] ([Data],[IdLocal],[Descricao])VALUES('Nov  2 2032 12:00:00:000AM',1,'Finados')
INSERT INTO [dbo].[feriado] ([Data],[IdLocal],[Descricao])VALUES('Nov 15 2032 12:00:00:000AM',1,'Proclamação da República')
INSERT INTO [dbo].[feriado] ([Data],[IdLocal],[Descricao])VALUES('Nov 20 2032 12:00:00:000AM',2,'Dia da Consciência Negra')
INSERT INTO [dbo].[feriado] ([Data],[IdLocal],[Descricao])VALUES('Dec 24 2032 12:00:00:000AM',2,'Natal - SP')
INSERT INTO [dbo].[feriado] ([Data],[IdLocal],[Descricao])VALUES('Dec 25 2032 12:00:00:000AM',1,'Natal')
INSERT INTO [dbo].[feriado] ([Data],[IdLocal],[Descricao])VALUES('Dec 31 2032 12:00:00:000AM',2,'Ano Novo - SP')
INSERT INTO [dbo].[feriado] ([Data],[IdLocal],[Descricao])VALUES('Jan  1 2033 12:00:00:000AM',1,'Ano Novo')
INSERT INTO [dbo].[feriado] ([Data],[IdLocal],[Descricao])VALUES('Jan 25 2033 12:00:00:000AM',2,'Aniversário de SP')
INSERT INTO [dbo].[feriado] ([Data],[IdLocal],[Descricao])VALUES('Feb 28 2033 12:00:00:000AM',1,'Carnaval')
INSERT INTO [dbo].[feriado] ([Data],[IdLocal],[Descricao])VALUES('Mar  1 2033 12:00:00:000AM',1,'Carnaval')
INSERT INTO [dbo].[feriado] ([Data],[IdLocal],[Descricao])VALUES('Apr 15 2033 12:00:00:000AM',1,'Sexta Feira Santa')
INSERT INTO [dbo].[feriado] ([Data],[IdLocal],[Descricao])VALUES('Apr 17 2033 12:00:00:000AM',1,'Páscoa')
INSERT INTO [dbo].[feriado] ([Data],[IdLocal],[Descricao])VALUES('Apr 21 2033 12:00:00:000AM',1,'Tiradentes')
INSERT INTO [dbo].[feriado] ([Data],[IdLocal],[Descricao])VALUES('May  1 2033 12:00:00:000AM',1,'Dia do Trabalho')
INSERT INTO [dbo].[feriado] ([Data],[IdLocal],[Descricao])VALUES('Jun 16 2033 12:00:00:000AM',1,'Corpus Christi')
INSERT INTO [dbo].[feriado] ([Data],[IdLocal],[Descricao])VALUES('Jul  9 2033 12:00:00:000AM',2,'Revolução de 1932')
INSERT INTO [dbo].[feriado] ([Data],[IdLocal],[Descricao])VALUES('Sep  7 2033 12:00:00:000AM',1,'Dia da Independência')
INSERT INTO [dbo].[feriado] ([Data],[IdLocal],[Descricao])VALUES('Oct 12 2033 12:00:00:000AM',1,'Nossa Senhora Aparecida')
INSERT INTO [dbo].[feriado] ([Data],[IdLocal],[Descricao])VALUES('Nov  2 2033 12:00:00:000AM',1,'Finados')
INSERT INTO [dbo].[feriado] ([Data],[IdLocal],[Descricao])VALUES('Nov 15 2033 12:00:00:000AM',1,'Proclamação da República')
INSERT INTO [dbo].[feriado] ([Data],[IdLocal],[Descricao])VALUES('Nov 20 2033 12:00:00:000AM',2,'Dia da Consciência Negra')
INSERT INTO [dbo].[feriado] ([Data],[IdLocal],[Descricao])VALUES('Dec 24 2033 12:00:00:000AM',2,'Natal - SP')
INSERT INTO [dbo].[feriado] ([Data],[IdLocal],[Descricao])VALUES('Dec 25 2033 12:00:00:000AM',1,'Natal')
INSERT INTO [dbo].[feriado] ([Data],[IdLocal],[Descricao])VALUES('Dec 31 2033 12:00:00:000AM',2,'Ano Novo - SP')
INSERT INTO [dbo].[feriado] ([Data],[IdLocal],[Descricao])VALUES('Jan  1 2034 12:00:00:000AM',1,'Ano Novo')
INSERT INTO [dbo].[feriado] ([Data],[IdLocal],[Descricao])VALUES('Jan 25 2034 12:00:00:000AM',2,'Aniversário de SP')
INSERT INTO [dbo].[feriado] ([Data],[IdLocal],[Descricao])VALUES('Feb 20 2034 12:00:00:000AM',1,'Carnaval')
INSERT INTO [dbo].[feriado] ([Data],[IdLocal],[Descricao])VALUES('Feb 21 2034 12:00:00:000AM',1,'Carnaval')
INSERT INTO [dbo].[feriado] ([Data],[IdLocal],[Descricao])VALUES('Apr  7 2034 12:00:00:000AM',1,'Sexta Feira Santa')
INSERT INTO [dbo].[feriado] ([Data],[IdLocal],[Descricao])VALUES('Apr  9 2034 12:00:00:000AM',1,'Páscoa')
INSERT INTO [dbo].[feriado] ([Data],[IdLocal],[Descricao])VALUES('Apr 21 2034 12:00:00:000AM',1,'Tiradentes')
INSERT INTO [dbo].[feriado] ([Data],[IdLocal],[Descricao])VALUES('May  1 2034 12:00:00:000AM',1,'Dia do Trabalho')
INSERT INTO [dbo].[feriado] ([Data],[IdLocal],[Descricao])VALUES('Jun  8 2034 12:00:00:000AM',1,'Corpus Christi')
INSERT INTO [dbo].[feriado] ([Data],[IdLocal],[Descricao])VALUES('Jul  9 2034 12:00:00:000AM',2,'Revolução de 1932')
INSERT INTO [dbo].[feriado] ([Data],[IdLocal],[Descricao])VALUES('Sep  7 2034 12:00:00:000AM',1,'Dia da Independência')
INSERT INTO [dbo].[feriado] ([Data],[IdLocal],[Descricao])VALUES('Oct 12 2034 12:00:00:000AM',1,'Nossa Senhora Aparecida')
INSERT INTO [dbo].[feriado] ([Data],[IdLocal],[Descricao])VALUES('Nov  2 2034 12:00:00:000AM',1,'Finados')
INSERT INTO [dbo].[feriado] ([Data],[IdLocal],[Descricao])VALUES('Nov 15 2034 12:00:00:000AM',1,'Proclamação da República')
INSERT INTO [dbo].[feriado] ([Data],[IdLocal],[Descricao])VALUES('Nov 20 2034 12:00:00:000AM',2,'Dia da Consciência Negra')
INSERT INTO [dbo].[feriado] ([Data],[IdLocal],[Descricao])VALUES('Dec 24 2034 12:00:00:000AM',2,'Natal - SP')
INSERT INTO [dbo].[feriado] ([Data],[IdLocal],[Descricao])VALUES('Dec 25 2034 12:00:00:000AM',1,'Natal')
INSERT INTO [dbo].[feriado] ([Data],[IdLocal],[Descricao])VALUES('Dec 31 2034 12:00:00:000AM',2,'Ano Novo - SP')
INSERT INTO [dbo].[feriado] ([Data],[IdLocal],[Descricao])VALUES('Jan  1 2035 12:00:00:000AM',1,'Ano Novo')
INSERT INTO [dbo].[feriado] ([Data],[IdLocal],[Descricao])VALUES('Jan 25 2035 12:00:00:000AM',2,'Aniversário de SP')
INSERT INTO [dbo].[feriado] ([Data],[IdLocal],[Descricao])VALUES('Feb  5 2035 12:00:00:000AM',1,'Carnaval')
INSERT INTO [dbo].[feriado] ([Data],[IdLocal],[Descricao])VALUES('Feb  6 2035 12:00:00:000AM',1,'Carnaval')
INSERT INTO [dbo].[feriado] ([Data],[IdLocal],[Descricao])VALUES('Mar 23 2035 12:00:00:000AM',1,'Sexta Feira Santa')
INSERT INTO [dbo].[feriado] ([Data],[IdLocal],[Descricao])VALUES('Mar 25 2035 12:00:00:000AM',1,'Páscoa')
INSERT INTO [dbo].[feriado] ([Data],[IdLocal],[Descricao])VALUES('Apr 21 2035 12:00:00:000AM',1,'Tiradentes')
INSERT INTO [dbo].[feriado] ([Data],[IdLocal],[Descricao])VALUES('May  1 2035 12:00:00:000AM',1,'Dia do Trabalho')
INSERT INTO [dbo].[feriado] ([Data],[IdLocal],[Descricao])VALUES('May 24 2035 12:00:00:000AM',1,'Corpus Christi')
INSERT INTO [dbo].[feriado] ([Data],[IdLocal],[Descricao])VALUES('Jul  9 2035 12:00:00:000AM',2,'Revolução de 1932')
INSERT INTO [dbo].[feriado] ([Data],[IdLocal],[Descricao])VALUES('Sep  7 2035 12:00:00:000AM',1,'Dia da Independência')
INSERT INTO [dbo].[feriado] ([Data],[IdLocal],[Descricao])VALUES('Oct 12 2035 12:00:00:000AM',1,'Nossa Senhora Aparecida')
INSERT INTO [dbo].[feriado] ([Data],[IdLocal],[Descricao])VALUES('Nov  2 2035 12:00:00:000AM',1,'Finados')
INSERT INTO [dbo].[feriado] ([Data],[IdLocal],[Descricao])VALUES('Nov 15 2035 12:00:00:000AM',1,'Proclamação da República')
INSERT INTO [dbo].[feriado] ([Data],[IdLocal],[Descricao])VALUES('Nov 20 2035 12:00:00:000AM',2,'Dia da Consciência Negra')
INSERT INTO [dbo].[feriado] ([Data],[IdLocal],[Descricao])VALUES('Dec 24 2035 12:00:00:000AM',2,'Natal - SP')
INSERT INTO [dbo].[feriado] ([Data],[IdLocal],[Descricao])VALUES('Dec 25 2035 12:00:00:000AM',1,'Natal')
INSERT INTO [dbo].[feriado] ([Data],[IdLocal],[Descricao])VALUES('Dec 31 2035 12:00:00:000AM',2,'Ano Novo - SP')
INSERT INTO [dbo].[feriado] ([Data],[IdLocal],[Descricao])VALUES('Jan  1 2036 12:00:00:000AM',1,'Ano Novo')
INSERT INTO [dbo].[feriado] ([Data],[IdLocal],[Descricao])VALUES('Jan 25 2036 12:00:00:000AM',2,'Aniversário de SP')
INSERT INTO [dbo].[feriado] ([Data],[IdLocal],[Descricao])VALUES('Feb 25 2036 12:00:00:000AM',1,'Carnaval')
INSERT INTO [dbo].[feriado] ([Data],[IdLocal],[Descricao])VALUES('Feb 26 2036 12:00:00:000AM',1,'Carnaval')
INSERT INTO [dbo].[feriado] ([Data],[IdLocal],[Descricao])VALUES('Apr 11 2036 12:00:00:000AM',1,'Sexta Feira Santa')
INSERT INTO [dbo].[feriado] ([Data],[IdLocal],[Descricao])VALUES('Apr 13 2036 12:00:00:000AM',1,'Páscoa')
INSERT INTO [dbo].[feriado] ([Data],[IdLocal],[Descricao])VALUES('Apr 21 2036 12:00:00:000AM',1,'Tiradentes')
INSERT INTO [dbo].[feriado] ([Data],[IdLocal],[Descricao])VALUES('May  1 2036 12:00:00:000AM',1,'Dia do Trabalho')
INSERT INTO [dbo].[feriado] ([Data],[IdLocal],[Descricao])VALUES('Jun 12 2036 12:00:00:000AM',1,'Corpus Christi')
INSERT INTO [dbo].[feriado] ([Data],[IdLocal],[Descricao])VALUES('Jul  9 2036 12:00:00:000AM',2,'Revolução de 1932')
INSERT INTO [dbo].[feriado] ([Data],[IdLocal],[Descricao])VALUES('Sep  7 2036 12:00:00:000AM',1,'Dia da Independência')
INSERT INTO [dbo].[feriado] ([Data],[IdLocal],[Descricao])VALUES('Oct 12 2036 12:00:00:000AM',1,'Nossa Senhora Aparecida')
INSERT INTO [dbo].[feriado] ([Data],[IdLocal],[Descricao])VALUES('Nov  2 2036 12:00:00:000AM',1,'Finados')
INSERT INTO [dbo].[feriado] ([Data],[IdLocal],[Descricao])VALUES('Nov 15 2036 12:00:00:000AM',1,'Proclamação da República')
INSERT INTO [dbo].[feriado] ([Data],[IdLocal],[Descricao])VALUES('Nov 20 2036 12:00:00:000AM',2,'Dia da Consciência Negra')
INSERT INTO [dbo].[feriado] ([Data],[IdLocal],[Descricao])VALUES('Dec 24 2036 12:00:00:000AM',2,'Natal - SP')
INSERT INTO [dbo].[feriado] ([Data],[IdLocal],[Descricao])VALUES('Dec 25 2036 12:00:00:000AM',1,'Natal')
INSERT INTO [dbo].[feriado] ([Data],[IdLocal],[Descricao])VALUES('Dec 31 2036 12:00:00:000AM',2,'Ano Novo - SP')
INSERT INTO [dbo].[feriado] ([Data],[IdLocal],[Descricao])VALUES('Jan  1 2037 12:00:00:000AM',1,'Ano Novo')
INSERT INTO [dbo].[feriado] ([Data],[IdLocal],[Descricao])VALUES('Jan 25 2037 12:00:00:000AM',2,'Aniversário de SP')
INSERT INTO [dbo].[feriado] ([Data],[IdLocal],[Descricao])VALUES('Feb 16 2037 12:00:00:000AM',1,'Carnaval')
INSERT INTO [dbo].[feriado] ([Data],[IdLocal],[Descricao])VALUES('Feb 17 2037 12:00:00:000AM',1,'Carnaval')
INSERT INTO [dbo].[feriado] ([Data],[IdLocal],[Descricao])VALUES('Apr  3 2037 12:00:00:000AM',1,'Sexta Feira Santa')
INSERT INTO [dbo].[feriado] ([Data],[IdLocal],[Descricao])VALUES('Apr  5 2037 12:00:00:000AM',1,'Páscoa')
INSERT INTO [dbo].[feriado] ([Data],[IdLocal],[Descricao])VALUES('Apr 21 2037 12:00:00:000AM',1,'Tiradentes')
INSERT INTO [dbo].[feriado] ([Data],[IdLocal],[Descricao])VALUES('May  1 2037 12:00:00:000AM',1,'Dia do Trabalho')
INSERT INTO [dbo].[feriado] ([Data],[IdLocal],[Descricao])VALUES('Jun  4 2037 12:00:00:000AM',1,'Corpus Christi')
INSERT INTO [dbo].[feriado] ([Data],[IdLocal],[Descricao])VALUES('Jul  9 2037 12:00:00:000AM',2,'Revolução de 1932')
INSERT INTO [dbo].[feriado] ([Data],[IdLocal],[Descricao])VALUES('Sep  7 2037 12:00:00:000AM',1,'Dia da Independência')
INSERT INTO [dbo].[feriado] ([Data],[IdLocal],[Descricao])VALUES('Oct 12 2037 12:00:00:000AM',1,'Nossa Senhora Aparecida')
INSERT INTO [dbo].[feriado] ([Data],[IdLocal],[Descricao])VALUES('Nov  2 2037 12:00:00:000AM',1,'Finados')
INSERT INTO [dbo].[feriado] ([Data],[IdLocal],[Descricao])VALUES('Nov 15 2037 12:00:00:000AM',1,'Proclamação da República')
INSERT INTO [dbo].[feriado] ([Data],[IdLocal],[Descricao])VALUES('Nov 20 2037 12:00:00:000AM',2,'Dia da Consciência Negra')
INSERT INTO [dbo].[feriado] ([Data],[IdLocal],[Descricao])VALUES('Dec 24 2037 12:00:00:000AM',2,'Natal - SP')
INSERT INTO [dbo].[feriado] ([Data],[IdLocal],[Descricao])VALUES('Dec 25 2037 12:00:00:000AM',1,'Natal')
INSERT INTO [dbo].[feriado] ([Data],[IdLocal],[Descricao])VALUES('Dec 31 2037 12:00:00:000AM',2,'Ano Novo - SP')
INSERT INTO [dbo].[feriado] ([Data],[IdLocal],[Descricao])VALUES('Jan  1 2038 12:00:00:000AM',1,'Ano Novo')
INSERT INTO [dbo].[feriado] ([Data],[IdLocal],[Descricao])VALUES('Jan 25 2038 12:00:00:000AM',2,'Aniversário de SP')
INSERT INTO [dbo].[feriado] ([Data],[IdLocal],[Descricao])VALUES('Mar  8 2038 12:00:00:000AM',1,'Carnaval')
INSERT INTO [dbo].[feriado] ([Data],[IdLocal],[Descricao])VALUES('Mar  9 2038 12:00:00:000AM',1,'Carnaval')
INSERT INTO [dbo].[feriado] ([Data],[IdLocal],[Descricao])VALUES('Apr 21 2038 12:00:00:000AM',1,'Tiradentes')
INSERT INTO [dbo].[feriado] ([Data],[IdLocal],[Descricao])VALUES('Apr 23 2038 12:00:00:000AM',1,'Sexta Feira Santa')
INSERT INTO [dbo].[feriado] ([Data],[IdLocal],[Descricao])VALUES('Apr 25 2038 12:00:00:000AM',1,'Páscoa')
INSERT INTO [dbo].[feriado] ([Data],[IdLocal],[Descricao])VALUES('May  1 2038 12:00:00:000AM',1,'Dia do Trabalho')
INSERT INTO [dbo].[feriado] ([Data],[IdLocal],[Descricao])VALUES('Jun 24 2038 12:00:00:000AM',1,'Corpus Christi')
INSERT INTO [dbo].[feriado] ([Data],[IdLocal],[Descricao])VALUES('Jul  9 2038 12:00:00:000AM',2,'Revolução de 1932')
INSERT INTO [dbo].[feriado] ([Data],[IdLocal],[Descricao])VALUES('Sep  7 2038 12:00:00:000AM',1,'Dia da Independência')
INSERT INTO [dbo].[feriado] ([Data],[IdLocal],[Descricao])VALUES('Oct 12 2038 12:00:00:000AM',1,'Nossa Senhora Aparecida')
INSERT INTO [dbo].[feriado] ([Data],[IdLocal],[Descricao])VALUES('Nov  2 2038 12:00:00:000AM',1,'Finados')
INSERT INTO [dbo].[feriado] ([Data],[IdLocal],[Descricao])VALUES('Nov 15 2038 12:00:00:000AM',1,'Proclamação da República')
INSERT INTO [dbo].[feriado] ([Data],[IdLocal],[Descricao])VALUES('Nov 20 2038 12:00:00:000AM',2,'Dia da Consciência Negra')
INSERT INTO [dbo].[feriado] ([Data],[IdLocal],[Descricao])VALUES('Dec 24 2038 12:00:00:000AM',2,'Natal - SP')
INSERT INTO [dbo].[feriado] ([Data],[IdLocal],[Descricao])VALUES('Dec 25 2038 12:00:00:000AM',1,'Natal')
INSERT INTO [dbo].[feriado] ([Data],[IdLocal],[Descricao])VALUES('Dec 31 2038 12:00:00:000AM',2,'Ano Novo - SP')
INSERT INTO [dbo].[feriado] ([Data],[IdLocal],[Descricao])VALUES('Jan  1 2039 12:00:00:000AM',1,'Ano Novo')
INSERT INTO [dbo].[feriado] ([Data],[IdLocal],[Descricao])VALUES('Jan 25 2039 12:00:00:000AM',2,'Aniversário de SP')
INSERT INTO [dbo].[feriado] ([Data],[IdLocal],[Descricao])VALUES('Feb 21 2039 12:00:00:000AM',1,'Carnaval')
INSERT INTO [dbo].[feriado] ([Data],[IdLocal],[Descricao])VALUES('Feb 22 2039 12:00:00:000AM',1,'Carnaval')
INSERT INTO [dbo].[feriado] ([Data],[IdLocal],[Descricao])VALUES('Apr  8 2039 12:00:00:000AM',1,'Sexta Feira Santa')
INSERT INTO [dbo].[feriado] ([Data],[IdLocal],[Descricao])VALUES('Apr 10 2039 12:00:00:000AM',1,'Páscoa')
INSERT INTO [dbo].[feriado] ([Data],[IdLocal],[Descricao])VALUES('Apr 21 2039 12:00:00:000AM',1,'Tiradentes')
INSERT INTO [dbo].[feriado] ([Data],[IdLocal],[Descricao])VALUES('May  1 2039 12:00:00:000AM',1,'Dia do Trabalho')
INSERT INTO [dbo].[feriado] ([Data],[IdLocal],[Descricao])VALUES('Jun  9 2039 12:00:00:000AM',1,'Corpus Christi')
INSERT INTO [dbo].[feriado] ([Data],[IdLocal],[Descricao])VALUES('Jul  9 2039 12:00:00:000AM',2,'Revolução de 1932')
INSERT INTO [dbo].[feriado] ([Data],[IdLocal],[Descricao])VALUES('Sep  7 2039 12:00:00:000AM',1,'Dia da Independência')
INSERT INTO [dbo].[feriado] ([Data],[IdLocal],[Descricao])VALUES('Oct 12 2039 12:00:00:000AM',1,'Nossa Senhora Aparecida')
INSERT INTO [dbo].[feriado] ([Data],[IdLocal],[Descricao])VALUES('Nov  2 2039 12:00:00:000AM',1,'Finados')
INSERT INTO [dbo].[feriado] ([Data],[IdLocal],[Descricao])VALUES('Nov 15 2039 12:00:00:000AM',1,'Proclamação da República')
INSERT INTO [dbo].[feriado] ([Data],[IdLocal],[Descricao])VALUES('Nov 20 2039 12:00:00:000AM',2,'Dia da Consciência Negra')
INSERT INTO [dbo].[feriado] ([Data],[IdLocal],[Descricao])VALUES('Dec 24 2039 12:00:00:000AM',2,'Natal - SP')
INSERT INTO [dbo].[feriado] ([Data],[IdLocal],[Descricao])VALUES('Dec 25 2039 12:00:00:000AM',1,'Natal')
INSERT INTO [dbo].[feriado] ([Data],[IdLocal],[Descricao])VALUES('Dec 31 2039 12:00:00:000AM',2,'Ano Novo - SP')
INSERT INTO [dbo].[feriado] ([Data],[IdLocal],[Descricao])VALUES('Jan  1 2040 12:00:00:000AM',1,'Ano Novo')
INSERT INTO [dbo].[feriado] ([Data],[IdLocal],[Descricao])VALUES('Jan 25 2040 12:00:00:000AM',2,'Aniversário de SP')
INSERT INTO [dbo].[feriado] ([Data],[IdLocal],[Descricao])VALUES('Feb 13 2040 12:00:00:000AM',1,'Carnaval')
INSERT INTO [dbo].[feriado] ([Data],[IdLocal],[Descricao])VALUES('Feb 14 2040 12:00:00:000AM',1,'Carnaval')
INSERT INTO [dbo].[feriado] ([Data],[IdLocal],[Descricao])VALUES('Mar 30 2040 12:00:00:000AM',1,'Sexta Feira Santa')
INSERT INTO [dbo].[feriado] ([Data],[IdLocal],[Descricao])VALUES('Apr  1 2040 12:00:00:000AM',1,'Páscoa')
INSERT INTO [dbo].[feriado] ([Data],[IdLocal],[Descricao])VALUES('Apr 21 2040 12:00:00:000AM',1,'Tiradentes')
INSERT INTO [dbo].[feriado] ([Data],[IdLocal],[Descricao])VALUES('May  1 2040 12:00:00:000AM',1,'Dia do Trabalho')
INSERT INTO [dbo].[feriado] ([Data],[IdLocal],[Descricao])VALUES('May 31 2040 12:00:00:000AM',1,'Corpus Christi')
INSERT INTO [dbo].[feriado] ([Data],[IdLocal],[Descricao])VALUES('Jul  9 2040 12:00:00:000AM',2,'Revolução de 1932')
INSERT INTO [dbo].[feriado] ([Data],[IdLocal],[Descricao])VALUES('Sep  7 2040 12:00:00:000AM',1,'Dia da Independência')
INSERT INTO [dbo].[feriado] ([Data],[IdLocal],[Descricao])VALUES('Oct 12 2040 12:00:00:000AM',1,'Nossa Senhora Aparecida')
INSERT INTO [dbo].[feriado] ([Data],[IdLocal],[Descricao])VALUES('Nov  2 2040 12:00:00:000AM',1,'Finados')
INSERT INTO [dbo].[feriado] ([Data],[IdLocal],[Descricao])VALUES('Nov 15 2040 12:00:00:000AM',1,'Proclamação da República')
INSERT INTO [dbo].[feriado] ([Data],[IdLocal],[Descricao])VALUES('Nov 20 2040 12:00:00:000AM',2,'Dia da Consciência Negra')
INSERT INTO [dbo].[feriado] ([Data],[IdLocal],[Descricao])VALUES('Dec 24 2040 12:00:00:000AM',2,'Natal - SP')
INSERT INTO [dbo].[feriado] ([Data],[IdLocal],[Descricao])VALUES('Dec 25 2040 12:00:00:000AM',1,'Natal')
INSERT INTO [dbo].[feriado] ([Data],[IdLocal],[Descricao])VALUES('Dec 31 2040 12:00:00:000AM',2,'Ano Novo - SP')
INSERT INTO [dbo].[feriado] ([Data],[IdLocal],[Descricao])VALUES('Jan  1 2041 12:00:00:000AM',1,'Ano Novo')
INSERT INTO [dbo].[feriado] ([Data],[IdLocal],[Descricao])VALUES('Jan 25 2041 12:00:00:000AM',2,'Aniversário de SP')
INSERT INTO [dbo].[feriado] ([Data],[IdLocal],[Descricao])VALUES('Mar  4 2041 12:00:00:000AM',1,'Carnaval')
INSERT INTO [dbo].[feriado] ([Data],[IdLocal],[Descricao])VALUES('Mar  5 2041 12:00:00:000AM',1,'Carnaval')
INSERT INTO [dbo].[feriado] ([Data],[IdLocal],[Descricao])VALUES('Apr 19 2041 12:00:00:000AM',1,'Sexta Feira Santa')
INSERT INTO [dbo].[feriado] ([Data],[IdLocal],[Descricao])VALUES('Apr 21 2041 12:00:00:000AM',1,'Páscoa')
INSERT INTO [dbo].[feriado] ([Data],[IdLocal],[Descricao])VALUES('May  1 2041 12:00:00:000AM',1,'Dia do Trabalho')
INSERT INTO [dbo].[feriado] ([Data],[IdLocal],[Descricao])VALUES('Jun 20 2041 12:00:00:000AM',1,'Corpus Christi')
INSERT INTO [dbo].[feriado] ([Data],[IdLocal],[Descricao])VALUES('Jul  9 2041 12:00:00:000AM',2,'Revolução de 1932')
INSERT INTO [dbo].[feriado] ([Data],[IdLocal],[Descricao])VALUES('Sep  7 2041 12:00:00:000AM',1,'Dia da Independência')
INSERT INTO [dbo].[feriado] ([Data],[IdLocal],[Descricao])VALUES('Oct 12 2041 12:00:00:000AM',1,'Nossa Senhora Aparecida')
INSERT INTO [dbo].[feriado] ([Data],[IdLocal],[Descricao])VALUES('Nov  2 2041 12:00:00:000AM',1,'Finados')
INSERT INTO [dbo].[feriado] ([Data],[IdLocal],[Descricao])VALUES('Nov 15 2041 12:00:00:000AM',1,'Proclamação da República')
INSERT INTO [dbo].[feriado] ([Data],[IdLocal],[Descricao])VALUES('Nov 20 2041 12:00:00:000AM',2,'Dia da Consciência Negra')
INSERT INTO [dbo].[feriado] ([Data],[IdLocal],[Descricao])VALUES('Dec 24 2041 12:00:00:000AM',2,'Natal - SP')
INSERT INTO [dbo].[feriado] ([Data],[IdLocal],[Descricao])VALUES('Dec 25 2041 12:00:00:000AM',1,'Natal')
INSERT INTO [dbo].[feriado] ([Data],[IdLocal],[Descricao])VALUES('Dec 31 2041 12:00:00:000AM',2,'Ano Novo - SP')
INSERT INTO [dbo].[feriado] ([Data],[IdLocal],[Descricao])VALUES('Jan  1 2042 12:00:00:000AM',1,'Ano Novo')
INSERT INTO [dbo].[feriado] ([Data],[IdLocal],[Descricao])VALUES('Jan 25 2042 12:00:00:000AM',2,'Aniversário de SP')
INSERT INTO [dbo].[feriado] ([Data],[IdLocal],[Descricao])VALUES('Feb 17 2042 12:00:00:000AM',1,'Carnaval')
INSERT INTO [dbo].[feriado] ([Data],[IdLocal],[Descricao])VALUES('Feb 18 2042 12:00:00:000AM',1,'Carnaval')
INSERT INTO [dbo].[feriado] ([Data],[IdLocal],[Descricao])VALUES('Apr  4 2042 12:00:00:000AM',1,'Sexta Feira Santa')
INSERT INTO [dbo].[feriado] ([Data],[IdLocal],[Descricao])VALUES('Apr  6 2042 12:00:00:000AM',1,'Páscoa')
INSERT INTO [dbo].[feriado] ([Data],[IdLocal],[Descricao])VALUES('Apr 21 2042 12:00:00:000AM',1,'Tiradentes')
INSERT INTO [dbo].[feriado] ([Data],[IdLocal],[Descricao])VALUES('May  1 2042 12:00:00:000AM',1,'Dia do Trabalho')
INSERT INTO [dbo].[feriado] ([Data],[IdLocal],[Descricao])VALUES('Jun  5 2042 12:00:00:000AM',1,'Corpus Christi')
INSERT INTO [dbo].[feriado] ([Data],[IdLocal],[Descricao])VALUES('Jul  9 2042 12:00:00:000AM',2,'Revolução de 1932')
INSERT INTO [dbo].[feriado] ([Data],[IdLocal],[Descricao])VALUES('Sep  7 2042 12:00:00:000AM',1,'Dia da Independência')
INSERT INTO [dbo].[feriado] ([Data],[IdLocal],[Descricao])VALUES('Oct 12 2042 12:00:00:000AM',1,'Nossa Senhora Aparecida')
INSERT INTO [dbo].[feriado] ([Data],[IdLocal],[Descricao])VALUES('Nov  2 2042 12:00:00:000AM',1,'Finados')
INSERT INTO [dbo].[feriado] ([Data],[IdLocal],[Descricao])VALUES('Nov 15 2042 12:00:00:000AM',1,'Proclamação da República')
INSERT INTO [dbo].[feriado] ([Data],[IdLocal],[Descricao])VALUES('Nov 20 2042 12:00:00:000AM',2,'Dia da Consciência Negra')
INSERT INTO [dbo].[feriado] ([Data],[IdLocal],[Descricao])VALUES('Dec 24 2042 12:00:00:000AM',2,'Natal - SP')
INSERT INTO [dbo].[feriado] ([Data],[IdLocal],[Descricao])VALUES('Dec 25 2042 12:00:00:000AM',1,'Natal')
INSERT INTO [dbo].[feriado] ([Data],[IdLocal],[Descricao])VALUES('Dec 31 2042 12:00:00:000AM',2,'Ano Novo - SP')
INSERT INTO [dbo].[feriado] ([Data],[IdLocal],[Descricao])VALUES('Jan  1 2043 12:00:00:000AM',1,'Ano Novo')
INSERT INTO [dbo].[feriado] ([Data],[IdLocal],[Descricao])VALUES('Jan 25 2043 12:00:00:000AM',2,'Aniversário de SP')
INSERT INTO [dbo].[feriado] ([Data],[IdLocal],[Descricao])VALUES('Feb  9 2043 12:00:00:000AM',1,'Carnaval')
INSERT INTO [dbo].[feriado] ([Data],[IdLocal],[Descricao])VALUES('Feb 10 2043 12:00:00:000AM',1,'Carnaval')
INSERT INTO [dbo].[feriado] ([Data],[IdLocal],[Descricao])VALUES('Mar 27 2043 12:00:00:000AM',1,'Sexta Feira Santa')
INSERT INTO [dbo].[feriado] ([Data],[IdLocal],[Descricao])VALUES('Mar 29 2043 12:00:00:000AM',1,'Páscoa')
INSERT INTO [dbo].[feriado] ([Data],[IdLocal],[Descricao])VALUES('Apr 21 2043 12:00:00:000AM',1,'Tiradentes')
INSERT INTO [dbo].[feriado] ([Data],[IdLocal],[Descricao])VALUES('May  1 2043 12:00:00:000AM',1,'Dia do Trabalho')
INSERT INTO [dbo].[feriado] ([Data],[IdLocal],[Descricao])VALUES('May 28 2043 12:00:00:000AM',1,'Corpus Christi')
INSERT INTO [dbo].[feriado] ([Data],[IdLocal],[Descricao])VALUES('Jul  9 2043 12:00:00:000AM',2,'Revolução de 1932')
INSERT INTO [dbo].[feriado] ([Data],[IdLocal],[Descricao])VALUES('Sep  7 2043 12:00:00:000AM',1,'Dia da Independência')
INSERT INTO [dbo].[feriado] ([Data],[IdLocal],[Descricao])VALUES('Oct 12 2043 12:00:00:000AM',1,'Nossa Senhora Aparecida')
INSERT INTO [dbo].[feriado] ([Data],[IdLocal],[Descricao])VALUES('Nov  2 2043 12:00:00:000AM',1,'Finados')
INSERT INTO [dbo].[feriado] ([Data],[IdLocal],[Descricao])VALUES('Nov 15 2043 12:00:00:000AM',1,'Proclamação da República')
INSERT INTO [dbo].[feriado] ([Data],[IdLocal],[Descricao])VALUES('Nov 20 2043 12:00:00:000AM',2,'Dia da Consciência Negra')
INSERT INTO [dbo].[feriado] ([Data],[IdLocal],[Descricao])VALUES('Dec 24 2043 12:00:00:000AM',2,'Natal - SP')
INSERT INTO [dbo].[feriado] ([Data],[IdLocal],[Descricao])VALUES('Dec 25 2043 12:00:00:000AM',1,'Natal')
INSERT INTO [dbo].[feriado] ([Data],[IdLocal],[Descricao])VALUES('Dec 31 2043 12:00:00:000AM',2,'Ano Novo - SP')
INSERT INTO [dbo].[feriado] ([Data],[IdLocal],[Descricao])VALUES('Jan  1 2044 12:00:00:000AM',1,'Ano Novo')
INSERT INTO [dbo].[feriado] ([Data],[IdLocal],[Descricao])VALUES('Jan 25 2044 12:00:00:000AM',2,'Aniversário de SP')
INSERT INTO [dbo].[feriado] ([Data],[IdLocal],[Descricao])VALUES('Feb 29 2044 12:00:00:000AM',1,'Carnaval')
INSERT INTO [dbo].[feriado] ([Data],[IdLocal],[Descricao])VALUES('Mar  1 2044 12:00:00:000AM',1,'Carnaval')
INSERT INTO [dbo].[feriado] ([Data],[IdLocal],[Descricao])VALUES('Apr 15 2044 12:00:00:000AM',1,'Sexta Feira Santa')
INSERT INTO [dbo].[feriado] ([Data],[IdLocal],[Descricao])VALUES('Apr 17 2044 12:00:00:000AM',1,'Páscoa')
INSERT INTO [dbo].[feriado] ([Data],[IdLocal],[Descricao])VALUES('Apr 21 2044 12:00:00:000AM',1,'Tiradentes')
INSERT INTO [dbo].[feriado] ([Data],[IdLocal],[Descricao])VALUES('May  1 2044 12:00:00:000AM',1,'Dia do Trabalho')
INSERT INTO [dbo].[feriado] ([Data],[IdLocal],[Descricao])VALUES('Jun 16 2044 12:00:00:000AM',1,'Corpus Christi')
INSERT INTO [dbo].[feriado] ([Data],[IdLocal],[Descricao])VALUES('Jul  9 2044 12:00:00:000AM',2,'Revolução de 1932')
INSERT INTO [dbo].[feriado] ([Data],[IdLocal],[Descricao])VALUES('Sep  7 2044 12:00:00:000AM',1,'Dia da Independência')
INSERT INTO [dbo].[feriado] ([Data],[IdLocal],[Descricao])VALUES('Oct 12 2044 12:00:00:000AM',1,'Nossa Senhora Aparecida')
INSERT INTO [dbo].[feriado] ([Data],[IdLocal],[Descricao])VALUES('Nov  2 2044 12:00:00:000AM',1,'Finados')
INSERT INTO [dbo].[feriado] ([Data],[IdLocal],[Descricao])VALUES('Nov 15 2044 12:00:00:000AM',1,'Proclamação da República')
INSERT INTO [dbo].[feriado] ([Data],[IdLocal],[Descricao])VALUES('Nov 20 2044 12:00:00:000AM',2,'Dia da Consciência Negra')
INSERT INTO [dbo].[feriado] ([Data],[IdLocal],[Descricao])VALUES('Dec 24 2044 12:00:00:000AM',2,'Natal - SP')
INSERT INTO [dbo].[feriado] ([Data],[IdLocal],[Descricao])VALUES('Dec 25 2044 12:00:00:000AM',1,'Natal')
INSERT INTO [dbo].[feriado] ([Data],[IdLocal],[Descricao])VALUES('Dec 31 2044 12:00:00:000AM',2,'Ano Novo - SP')
INSERT INTO [dbo].[feriado] ([Data],[IdLocal],[Descricao])VALUES('Jan  1 2045 12:00:00:000AM',1,'Ano Novo')
INSERT INTO [dbo].[feriado] ([Data],[IdLocal],[Descricao])VALUES('Jan 25 2045 12:00:00:000AM',2,'Aniversário de SP')
INSERT INTO [dbo].[feriado] ([Data],[IdLocal],[Descricao])VALUES('Feb 20 2045 12:00:00:000AM',1,'Carnaval')
INSERT INTO [dbo].[feriado] ([Data],[IdLocal],[Descricao])VALUES('Feb 21 2045 12:00:00:000AM',1,'Carnaval')
INSERT INTO [dbo].[feriado] ([Data],[IdLocal],[Descricao])VALUES('Apr  7 2045 12:00:00:000AM',1,'Sexta Feira Santa')
INSERT INTO [dbo].[feriado] ([Data],[IdLocal],[Descricao])VALUES('Apr  9 2045 12:00:00:000AM',1,'Páscoa')
INSERT INTO [dbo].[feriado] ([Data],[IdLocal],[Descricao])VALUES('Apr 21 2045 12:00:00:000AM',1,'Tiradentes')
INSERT INTO [dbo].[feriado] ([Data],[IdLocal],[Descricao])VALUES('May  1 2045 12:00:00:000AM',1,'Dia do Trabalho')
INSERT INTO [dbo].[feriado] ([Data],[IdLocal],[Descricao])VALUES('Jun  8 2045 12:00:00:000AM',1,'Corpus Christi')
INSERT INTO [dbo].[feriado] ([Data],[IdLocal],[Descricao])VALUES('Jul  9 2045 12:00:00:000AM',2,'Revolução de 1932')
INSERT INTO [dbo].[feriado] ([Data],[IdLocal],[Descricao])VALUES('Sep  7 2045 12:00:00:000AM',1,'Dia da Independência')
INSERT INTO [dbo].[feriado] ([Data],[IdLocal],[Descricao])VALUES('Oct 12 2045 12:00:00:000AM',1,'Nossa Senhora Aparecida')
INSERT INTO [dbo].[feriado] ([Data],[IdLocal],[Descricao])VALUES('Nov  2 2045 12:00:00:000AM',1,'Finados')
INSERT INTO [dbo].[feriado] ([Data],[IdLocal],[Descricao])VALUES('Nov 15 2045 12:00:00:000AM',1,'Proclamação da República')
INSERT INTO [dbo].[feriado] ([Data],[IdLocal],[Descricao])VALUES('Nov 20 2045 12:00:00:000AM',2,'Dia da Consciência Negra')
INSERT INTO [dbo].[feriado] ([Data],[IdLocal],[Descricao])VALUES('Dec 24 2045 12:00:00:000AM',2,'Natal - SP')
INSERT INTO [dbo].[feriado] ([Data],[IdLocal],[Descricao])VALUES('Dec 25 2045 12:00:00:000AM',1,'Natal')
INSERT INTO [dbo].[feriado] ([Data],[IdLocal],[Descricao])VALUES('Dec 31 2045 12:00:00:000AM',2,'Ano Novo - SP')
INSERT INTO [dbo].[feriado] ([Data],[IdLocal],[Descricao])VALUES('Jan  1 2046 12:00:00:000AM',1,'Ano Novo')
INSERT INTO [dbo].[feriado] ([Data],[IdLocal],[Descricao])VALUES('Jan 25 2046 12:00:00:000AM',2,'Aniversário de SP')
INSERT INTO [dbo].[feriado] ([Data],[IdLocal],[Descricao])VALUES('Feb  5 2046 12:00:00:000AM',1,'Carnaval')
INSERT INTO [dbo].[feriado] ([Data],[IdLocal],[Descricao])VALUES('Feb  6 2046 12:00:00:000AM',1,'Carnaval')
INSERT INTO [dbo].[feriado] ([Data],[IdLocal],[Descricao])VALUES('Mar 23 2046 12:00:00:000AM',1,'Sexta Feira Santa')
INSERT INTO [dbo].[feriado] ([Data],[IdLocal],[Descricao])VALUES('Mar 25 2046 12:00:00:000AM',1,'Páscoa')
INSERT INTO [dbo].[feriado] ([Data],[IdLocal],[Descricao])VALUES('Apr 21 2046 12:00:00:000AM',1,'Tiradentes')
INSERT INTO [dbo].[feriado] ([Data],[IdLocal],[Descricao])VALUES('May  1 2046 12:00:00:000AM',1,'Dia do Trabalho')
INSERT INTO [dbo].[feriado] ([Data],[IdLocal],[Descricao])VALUES('May 24 2046 12:00:00:000AM',1,'Corpus Christi')
INSERT INTO [dbo].[feriado] ([Data],[IdLocal],[Descricao])VALUES('Jul  9 2046 12:00:00:000AM',2,'Revolução de 1932')
INSERT INTO [dbo].[feriado] ([Data],[IdLocal],[Descricao])VALUES('Sep  7 2046 12:00:00:000AM',1,'Dia da Independência')
INSERT INTO [dbo].[feriado] ([Data],[IdLocal],[Descricao])VALUES('Oct 12 2046 12:00:00:000AM',1,'Nossa Senhora Aparecida')
INSERT INTO [dbo].[feriado] ([Data],[IdLocal],[Descricao])VALUES('Nov  2 2046 12:00:00:000AM',1,'Finados')
INSERT INTO [dbo].[feriado] ([Data],[IdLocal],[Descricao])VALUES('Nov 15 2046 12:00:00:000AM',1,'Proclamação da República')
INSERT INTO [dbo].[feriado] ([Data],[IdLocal],[Descricao])VALUES('Nov 20 2046 12:00:00:000AM',2,'Dia da Consciência Negra')
INSERT INTO [dbo].[feriado] ([Data],[IdLocal],[Descricao])VALUES('Dec 24 2046 12:00:00:000AM',2,'Natal - SP')
INSERT INTO [dbo].[feriado] ([Data],[IdLocal],[Descricao])VALUES('Dec 25 2046 12:00:00:000AM',1,'Natal')
INSERT INTO [dbo].[feriado] ([Data],[IdLocal],[Descricao])VALUES('Dec 31 2046 12:00:00:000AM',2,'Ano Novo - SP')
INSERT INTO [dbo].[feriado] ([Data],[IdLocal],[Descricao])VALUES('Jan  1 2047 12:00:00:000AM',1,'Ano Novo')
INSERT INTO [dbo].[feriado] ([Data],[IdLocal],[Descricao])VALUES('Jan 25 2047 12:00:00:000AM',2,'Aniversário de SP')
INSERT INTO [dbo].[feriado] ([Data],[IdLocal],[Descricao])VALUES('Feb 25 2047 12:00:00:000AM',1,'Carnaval')
INSERT INTO [dbo].[feriado] ([Data],[IdLocal],[Descricao])VALUES('Feb 26 2047 12:00:00:000AM',1,'Carnaval')
INSERT INTO [dbo].[feriado] ([Data],[IdLocal],[Descricao])VALUES('Apr 12 2047 12:00:00:000AM',1,'Sexta Feira Santa')
INSERT INTO [dbo].[feriado] ([Data],[IdLocal],[Descricao])VALUES('Apr 14 2047 12:00:00:000AM',1,'Páscoa')
INSERT INTO [dbo].[feriado] ([Data],[IdLocal],[Descricao])VALUES('Apr 21 2047 12:00:00:000AM',1,'Tiradentes')
INSERT INTO [dbo].[feriado] ([Data],[IdLocal],[Descricao])VALUES('May  1 2047 12:00:00:000AM',1,'Dia do Trabalho')
INSERT INTO [dbo].[feriado] ([Data],[IdLocal],[Descricao])VALUES('Jun 13 2047 12:00:00:000AM',1,'Corpus Christi')
INSERT INTO [dbo].[feriado] ([Data],[IdLocal],[Descricao])VALUES('Jul  9 2047 12:00:00:000AM',2,'Revolução de 1932')
INSERT INTO [dbo].[feriado] ([Data],[IdLocal],[Descricao])VALUES('Sep  7 2047 12:00:00:000AM',1,'Dia da Independência')
INSERT INTO [dbo].[feriado] ([Data],[IdLocal],[Descricao])VALUES('Oct 12 2047 12:00:00:000AM',1,'Nossa Senhora Aparecida')
INSERT INTO [dbo].[feriado] ([Data],[IdLocal],[Descricao])VALUES('Nov  2 2047 12:00:00:000AM',1,'Finados')
INSERT INTO [dbo].[feriado] ([Data],[IdLocal],[Descricao])VALUES('Nov 15 2047 12:00:00:000AM',1,'Proclamação da República')
INSERT INTO [dbo].[feriado] ([Data],[IdLocal],[Descricao])VALUES('Nov 20 2047 12:00:00:000AM',2,'Dia da Consciência Negra')
INSERT INTO [dbo].[feriado] ([Data],[IdLocal],[Descricao])VALUES('Dec 24 2047 12:00:00:000AM',2,'Natal - SP')
INSERT INTO [dbo].[feriado] ([Data],[IdLocal],[Descricao])VALUES('Dec 25 2047 12:00:00:000AM',1,'Natal')
INSERT INTO [dbo].[feriado] ([Data],[IdLocal],[Descricao])VALUES('Dec 31 2047 12:00:00:000AM',2,'Ano Novo - SP')
INSERT INTO [dbo].[feriado] ([Data],[IdLocal],[Descricao])VALUES('Jan  1 2048 12:00:00:000AM',1,'Ano Novo')
INSERT INTO [dbo].[feriado] ([Data],[IdLocal],[Descricao])VALUES('Jan 25 2048 12:00:00:000AM',2,'Aniversário de SP')
INSERT INTO [dbo].[feriado] ([Data],[IdLocal],[Descricao])VALUES('Feb 17 2048 12:00:00:000AM',1,'Carnaval')
INSERT INTO [dbo].[feriado] ([Data],[IdLocal],[Descricao])VALUES('Feb 18 2048 12:00:00:000AM',1,'Carnaval')
INSERT INTO [dbo].[feriado] ([Data],[IdLocal],[Descricao])VALUES('Apr  3 2048 12:00:00:000AM',1,'Sexta Feira Santa')
INSERT INTO [dbo].[feriado] ([Data],[IdLocal],[Descricao])VALUES('Apr  5 2048 12:00:00:000AM',1,'Páscoa')
INSERT INTO [dbo].[feriado] ([Data],[IdLocal],[Descricao])VALUES('Apr 21 2048 12:00:00:000AM',1,'Tiradentes')
INSERT INTO [dbo].[feriado] ([Data],[IdLocal],[Descricao])VALUES('May  1 2048 12:00:00:000AM',1,'Dia do Trabalho')
INSERT INTO [dbo].[feriado] ([Data],[IdLocal],[Descricao])VALUES('Jun  4 2048 12:00:00:000AM',1,'Corpus Christi')
INSERT INTO [dbo].[feriado] ([Data],[IdLocal],[Descricao])VALUES('Jul  9 2048 12:00:00:000AM',2,'Revolução de 1932')
INSERT INTO [dbo].[feriado] ([Data],[IdLocal],[Descricao])VALUES('Sep  7 2048 12:00:00:000AM',1,'Dia da Independência')
INSERT INTO [dbo].[feriado] ([Data],[IdLocal],[Descricao])VALUES('Oct 12 2048 12:00:00:000AM',1,'Nossa Senhora Aparecida')
INSERT INTO [dbo].[feriado] ([Data],[IdLocal],[Descricao])VALUES('Nov  2 2048 12:00:00:000AM',1,'Finados')
INSERT INTO [dbo].[feriado] ([Data],[IdLocal],[Descricao])VALUES('Nov 15 2048 12:00:00:000AM',1,'Proclamação da República')
INSERT INTO [dbo].[feriado] ([Data],[IdLocal],[Descricao])VALUES('Nov 20 2048 12:00:00:000AM',2,'Dia da Consciência Negra')
INSERT INTO [dbo].[feriado] ([Data],[IdLocal],[Descricao])VALUES('Dec 24 2048 12:00:00:000AM',2,'Natal - SP')
INSERT INTO [dbo].[feriado] ([Data],[IdLocal],[Descricao])VALUES('Dec 25 2048 12:00:00:000AM',1,'Natal')
INSERT INTO [dbo].[feriado] ([Data],[IdLocal],[Descricao])VALUES('Dec 31 2048 12:00:00:000AM',2,'Ano Novo - SP')
INSERT INTO [dbo].[feriado] ([Data],[IdLocal],[Descricao])VALUES('Jan  1 2049 12:00:00:000AM',1,'Ano Novo')
INSERT INTO [dbo].[feriado] ([Data],[IdLocal],[Descricao])VALUES('Jan 25 2049 12:00:00:000AM',2,'Aniversário de SP')
INSERT INTO [dbo].[feriado] ([Data],[IdLocal],[Descricao])VALUES('Mar  1 2049 12:00:00:000AM',1,'Carnaval')
INSERT INTO [dbo].[feriado] ([Data],[IdLocal],[Descricao])VALUES('Mar  2 2049 12:00:00:000AM',1,'Carnaval')
INSERT INTO [dbo].[feriado] ([Data],[IdLocal],[Descricao])VALUES('Apr 16 2049 12:00:00:000AM',1,'Sexta Feira Santa')
INSERT INTO [dbo].[feriado] ([Data],[IdLocal],[Descricao])VALUES('Apr 18 2049 12:00:00:000AM',1,'Páscoa')
INSERT INTO [dbo].[feriado] ([Data],[IdLocal],[Descricao])VALUES('Apr 21 2049 12:00:00:000AM',1,'Tiradentes')
INSERT INTO [dbo].[feriado] ([Data],[IdLocal],[Descricao])VALUES('May  1 2049 12:00:00:000AM',1,'Dia do Trabalho')
INSERT INTO [dbo].[feriado] ([Data],[IdLocal],[Descricao])VALUES('Jun 17 2049 12:00:00:000AM',1,'Corpus Christi')
INSERT INTO [dbo].[feriado] ([Data],[IdLocal],[Descricao])VALUES('Jul  9 2049 12:00:00:000AM',2,'Revolução de 1932')
INSERT INTO [dbo].[feriado] ([Data],[IdLocal],[Descricao])VALUES('Sep  7 2049 12:00:00:000AM',1,'Dia da Independência')
INSERT INTO [dbo].[feriado] ([Data],[IdLocal],[Descricao])VALUES('Oct 12 2049 12:00:00:000AM',1,'Nossa Senhora Aparecida')
INSERT INTO [dbo].[feriado] ([Data],[IdLocal],[Descricao])VALUES('Nov  2 2049 12:00:00:000AM',1,'Finados')
INSERT INTO [dbo].[feriado] ([Data],[IdLocal],[Descricao])VALUES('Nov 15 2049 12:00:00:000AM',1,'Proclamação da República')
INSERT INTO [dbo].[feriado] ([Data],[IdLocal],[Descricao])VALUES('Nov 20 2049 12:00:00:000AM',2,'Dia da Consciência Negra')
INSERT INTO [dbo].[feriado] ([Data],[IdLocal],[Descricao])VALUES('Dec 24 2049 12:00:00:000AM',2,'Natal - SP')
INSERT INTO [dbo].[feriado] ([Data],[IdLocal],[Descricao])VALUES('Dec 25 2049 12:00:00:000AM',1,'Natal')
INSERT INTO [dbo].[feriado] ([Data],[IdLocal],[Descricao])VALUES('Dec 31 2049 12:00:00:000AM',2,'Ano Novo - SP')
INSERT INTO [dbo].[feriado] ([Data],[IdLocal],[Descricao])VALUES('Jan  1 2050 12:00:00:000AM',1,'Ano Novo')
INSERT INTO [dbo].[feriado] ([Data],[IdLocal],[Descricao])VALUES('Jan 25 2050 12:00:00:000AM',2,'Aniversário de SP')
INSERT INTO [dbo].[feriado] ([Data],[IdLocal],[Descricao])VALUES('Feb 21 2050 12:00:00:000AM',1,'Carnaval')
INSERT INTO [dbo].[feriado] ([Data],[IdLocal],[Descricao])VALUES('Feb 22 2050 12:00:00:000AM',1,'Carnaval')
INSERT INTO [dbo].[feriado] ([Data],[IdLocal],[Descricao])VALUES('Apr  8 2050 12:00:00:000AM',1,'Sexta Feira Santa')
INSERT INTO [dbo].[feriado] ([Data],[IdLocal],[Descricao])VALUES('Apr 10 2050 12:00:00:000AM',1,'Páscoa')
INSERT INTO [dbo].[feriado] ([Data],[IdLocal],[Descricao])VALUES('Apr 21 2050 12:00:00:000AM',1,'Tiradentes')
INSERT INTO [dbo].[feriado] ([Data],[IdLocal],[Descricao])VALUES('May  1 2050 12:00:00:000AM',1,'Dia do Trabalho')
INSERT INTO [dbo].[feriado] ([Data],[IdLocal],[Descricao])VALUES('Jun  9 2050 12:00:00:000AM',1,'Corpus Christi')
INSERT INTO [dbo].[feriado] ([Data],[IdLocal],[Descricao])VALUES('Jul  9 2050 12:00:00:000AM',2,'Revolução de 1932')
INSERT INTO [dbo].[feriado] ([Data],[IdLocal],[Descricao])VALUES('Sep  7 2050 12:00:00:000AM',1,'Dia da Independência')
INSERT INTO [dbo].[feriado] ([Data],[IdLocal],[Descricao])VALUES('Oct 12 2050 12:00:00:000AM',1,'Nossa Senhora Aparecida')
INSERT INTO [dbo].[feriado] ([Data],[IdLocal],[Descricao])VALUES('Nov  2 2050 12:00:00:000AM',1,'Finados')
INSERT INTO [dbo].[feriado] ([Data],[IdLocal],[Descricao])VALUES('Nov 15 2050 12:00:00:000AM',1,'Proclamação da República')
INSERT INTO [dbo].[feriado] ([Data],[IdLocal],[Descricao])VALUES('Nov 20 2050 12:00:00:000AM',2,'Dia da Consciência Negra')
INSERT INTO [dbo].[feriado] ([Data],[IdLocal],[Descricao])VALUES('Dec 24 2050 12:00:00:000AM',2,'Natal - SP')
INSERT INTO [dbo].[feriado] ([Data],[IdLocal],[Descricao])VALUES('Dec 25 2050 12:00:00:000AM',1,'Natal')
INSERT INTO [dbo].[feriado] ([Data],[IdLocal],[Descricao])VALUES('Dec 31 2050 12:00:00:000AM',2,'Ano Novo - SP')
INSERT INTO [dbo].[feriado] ([Data],[IdLocal],[Descricao])VALUES('Jan  1 2051 12:00:00:000AM',1,'Ano Novo')
INSERT INTO [dbo].[feriado] ([Data],[IdLocal],[Descricao])VALUES('Jan 25 2051 12:00:00:000AM',2,'Aniversário de SP')
INSERT INTO [dbo].[feriado] ([Data],[IdLocal],[Descricao])VALUES('Feb 13 2051 12:00:00:000AM',1,'Carnaval')
INSERT INTO [dbo].[feriado] ([Data],[IdLocal],[Descricao])VALUES('Feb 14 2051 12:00:00:000AM',1,'Carnaval')
INSERT INTO [dbo].[feriado] ([Data],[IdLocal],[Descricao])VALUES('Mar 31 2051 12:00:00:000AM',1,'Sexta Feira Santa')
INSERT INTO [dbo].[feriado] ([Data],[IdLocal],[Descricao])VALUES('Apr  2 2051 12:00:00:000AM',1,'Páscoa')
INSERT INTO [dbo].[feriado] ([Data],[IdLocal],[Descricao])VALUES('Apr 21 2051 12:00:00:000AM',1,'Tiradentes')
INSERT INTO [dbo].[feriado] ([Data],[IdLocal],[Descricao])VALUES('May  1 2051 12:00:00:000AM',1,'Dia do Trabalho')
INSERT INTO [dbo].[feriado] ([Data],[IdLocal],[Descricao])VALUES('Jun  1 2051 12:00:00:000AM',1,'Corpus Christi')
INSERT INTO [dbo].[feriado] ([Data],[IdLocal],[Descricao])VALUES('Jul  9 2051 12:00:00:000AM',2,'Revolução de 1932')
INSERT INTO [dbo].[feriado] ([Data],[IdLocal],[Descricao])VALUES('Sep  7 2051 12:00:00:000AM',1,'Dia da Independência')
INSERT INTO [dbo].[feriado] ([Data],[IdLocal],[Descricao])VALUES('Oct 12 2051 12:00:00:000AM',1,'Nossa Senhora Aparecida')
INSERT INTO [dbo].[feriado] ([Data],[IdLocal],[Descricao])VALUES('Nov  2 2051 12:00:00:000AM',1,'Finados')
INSERT INTO [dbo].[feriado] ([Data],[IdLocal],[Descricao])VALUES('Nov 15 2051 12:00:00:000AM',1,'Proclamação da República')
INSERT INTO [dbo].[feriado] ([Data],[IdLocal],[Descricao])VALUES('Nov 20 2051 12:00:00:000AM',2,'Dia da Consciência Negra')
INSERT INTO [dbo].[feriado] ([Data],[IdLocal],[Descricao])VALUES('Dec 24 2051 12:00:00:000AM',2,'Natal - SP')
INSERT INTO [dbo].[feriado] ([Data],[IdLocal],[Descricao])VALUES('Dec 25 2051 12:00:00:000AM',1,'Natal')
INSERT INTO [dbo].[feriado] ([Data],[IdLocal],[Descricao])VALUES('Dec 31 2051 12:00:00:000AM',2,'Ano Novo - SP')
INSERT INTO [dbo].[feriado] ([Data],[IdLocal],[Descricao])VALUES('Jan  1 2052 12:00:00:000AM',1,'Ano Novo')
INSERT INTO [dbo].[feriado] ([Data],[IdLocal],[Descricao])VALUES('Jan 25 2052 12:00:00:000AM',2,'Aniversário de SP')
INSERT INTO [dbo].[feriado] ([Data],[IdLocal],[Descricao])VALUES('Mar  4 2052 12:00:00:000AM',1,'Carnaval')
INSERT INTO [dbo].[feriado] ([Data],[IdLocal],[Descricao])VALUES('Mar  5 2052 12:00:00:000AM',1,'Carnaval')
INSERT INTO [dbo].[feriado] ([Data],[IdLocal],[Descricao])VALUES('Apr 19 2052 12:00:00:000AM',1,'Sexta Feira Santa')
INSERT INTO [dbo].[feriado] ([Data],[IdLocal],[Descricao])VALUES('Apr 21 2052 12:00:00:000AM',1,'Páscoa')
INSERT INTO [dbo].[feriado] ([Data],[IdLocal],[Descricao])VALUES('May  1 2052 12:00:00:000AM',1,'Dia do Trabalho')
INSERT INTO [dbo].[feriado] ([Data],[IdLocal],[Descricao])VALUES('Jun 20 2052 12:00:00:000AM',1,'Corpus Christi')
INSERT INTO [dbo].[feriado] ([Data],[IdLocal],[Descricao])VALUES('Jul  9 2052 12:00:00:000AM',2,'Revolução de 1932')
INSERT INTO [dbo].[feriado] ([Data],[IdLocal],[Descricao])VALUES('Sep  7 2052 12:00:00:000AM',1,'Dia da Independência')
INSERT INTO [dbo].[feriado] ([Data],[IdLocal],[Descricao])VALUES('Oct 12 2052 12:00:00:000AM',1,'Nossa Senhora Aparecida')
INSERT INTO [dbo].[feriado] ([Data],[IdLocal],[Descricao])VALUES('Nov  2 2052 12:00:00:000AM',1,'Finados')
INSERT INTO [dbo].[feriado] ([Data],[IdLocal],[Descricao])VALUES('Nov 15 2052 12:00:00:000AM',1,'Proclamação da República')
INSERT INTO [dbo].[feriado] ([Data],[IdLocal],[Descricao])VALUES('Nov 20 2052 12:00:00:000AM',2,'Dia da Consciência Negra')
INSERT INTO [dbo].[feriado] ([Data],[IdLocal],[Descricao])VALUES('Dec 24 2052 12:00:00:000AM',2,'Natal - SP')
INSERT INTO [dbo].[feriado] ([Data],[IdLocal],[Descricao])VALUES('Dec 25 2052 12:00:00:000AM',1,'Natal')
INSERT INTO [dbo].[feriado] ([Data],[IdLocal],[Descricao])VALUES('Dec 31 2052 12:00:00:000AM',2,'Ano Novo - SP')
INSERT INTO [dbo].[feriado] ([Data],[IdLocal],[Descricao])VALUES('Jan  1 2053 12:00:00:000AM',1,'Ano Novo')
INSERT INTO [dbo].[feriado] ([Data],[IdLocal],[Descricao])VALUES('Jan 25 2053 12:00:00:000AM',2,'Aniversário de SP')
INSERT INTO [dbo].[feriado] ([Data],[IdLocal],[Descricao])VALUES('Feb 17 2053 12:00:00:000AM',1,'Carnaval')
INSERT INTO [dbo].[feriado] ([Data],[IdLocal],[Descricao])VALUES('Feb 18 2053 12:00:00:000AM',1,'Carnaval')
INSERT INTO [dbo].[feriado] ([Data],[IdLocal],[Descricao])VALUES('Apr  4 2053 12:00:00:000AM',1,'Sexta Feira Santa')
INSERT INTO [dbo].[feriado] ([Data],[IdLocal],[Descricao])VALUES('Apr  6 2053 12:00:00:000AM',1,'Páscoa')
INSERT INTO [dbo].[feriado] ([Data],[IdLocal],[Descricao])VALUES('Apr 21 2053 12:00:00:000AM',1,'Tiradentes')
INSERT INTO [dbo].[feriado] ([Data],[IdLocal],[Descricao])VALUES('May  1 2053 12:00:00:000AM',1,'Dia do Trabalho')
INSERT INTO [dbo].[feriado] ([Data],[IdLocal],[Descricao])VALUES('Jun  5 2053 12:00:00:000AM',1,'Corpus Christi')
INSERT INTO [dbo].[feriado] ([Data],[IdLocal],[Descricao])VALUES('Jul  9 2053 12:00:00:000AM',2,'Revolução de 1932')
INSERT INTO [dbo].[feriado] ([Data],[IdLocal],[Descricao])VALUES('Sep  7 2053 12:00:00:000AM',1,'Dia da Independência')
INSERT INTO [dbo].[feriado] ([Data],[IdLocal],[Descricao])VALUES('Oct 12 2053 12:00:00:000AM',1,'Nossa Senhora Aparecida')
INSERT INTO [dbo].[feriado] ([Data],[IdLocal],[Descricao])VALUES('Nov  2 2053 12:00:00:000AM',1,'Finados')
INSERT INTO [dbo].[feriado] ([Data],[IdLocal],[Descricao])VALUES('Nov 15 2053 12:00:00:000AM',1,'Proclamação da República')
INSERT INTO [dbo].[feriado] ([Data],[IdLocal],[Descricao])VALUES('Nov 20 2053 12:00:00:000AM',2,'Dia da Consciência Negra')
INSERT INTO [dbo].[feriado] ([Data],[IdLocal],[Descricao])VALUES('Dec 24 2053 12:00:00:000AM',2,'Natal - SP')
INSERT INTO [dbo].[feriado] ([Data],[IdLocal],[Descricao])VALUES('Dec 25 2053 12:00:00:000AM',1,'Natal')
INSERT INTO [dbo].[feriado] ([Data],[IdLocal],[Descricao])VALUES('Dec 31 2053 12:00:00:000AM',2,'Ano Novo - SP')
INSERT INTO [dbo].[feriado] ([Data],[IdLocal],[Descricao])VALUES('Jan  1 2054 12:00:00:000AM',1,'Ano Novo')
INSERT INTO [dbo].[feriado] ([Data],[IdLocal],[Descricao])VALUES('Jan 25 2054 12:00:00:000AM',2,'Aniversário de SP')
INSERT INTO [dbo].[feriado] ([Data],[IdLocal],[Descricao])VALUES('Feb  9 2054 12:00:00:000AM',1,'Carnaval')
INSERT INTO [dbo].[feriado] ([Data],[IdLocal],[Descricao])VALUES('Feb 10 2054 12:00:00:000AM',1,'Carnaval')
INSERT INTO [dbo].[feriado] ([Data],[IdLocal],[Descricao])VALUES('Mar 27 2054 12:00:00:000AM',1,'Sexta Feira Santa')
INSERT INTO [dbo].[feriado] ([Data],[IdLocal],[Descricao])VALUES('Mar 29 2054 12:00:00:000AM',1,'Páscoa')
INSERT INTO [dbo].[feriado] ([Data],[IdLocal],[Descricao])VALUES('Apr 21 2054 12:00:00:000AM',1,'Tiradentes')
INSERT INTO [dbo].[feriado] ([Data],[IdLocal],[Descricao])VALUES('May  1 2054 12:00:00:000AM',1,'Dia do Trabalho')
INSERT INTO [dbo].[feriado] ([Data],[IdLocal],[Descricao])VALUES('May 28 2054 12:00:00:000AM',1,'Corpus Christi')
INSERT INTO [dbo].[feriado] ([Data],[IdLocal],[Descricao])VALUES('Jul  9 2054 12:00:00:000AM',2,'Revolução de 1932')
INSERT INTO [dbo].[feriado] ([Data],[IdLocal],[Descricao])VALUES('Sep  7 2054 12:00:00:000AM',1,'Dia da Independência')
INSERT INTO [dbo].[feriado] ([Data],[IdLocal],[Descricao])VALUES('Oct 12 2054 12:00:00:000AM',1,'Nossa Senhora Aparecida')
INSERT INTO [dbo].[feriado] ([Data],[IdLocal],[Descricao])VALUES('Nov  2 2054 12:00:00:000AM',1,'Finados')
INSERT INTO [dbo].[feriado] ([Data],[IdLocal],[Descricao])VALUES('Nov 15 2054 12:00:00:000AM',1,'Proclamação da República')
INSERT INTO [dbo].[feriado] ([Data],[IdLocal],[Descricao])VALUES('Nov 20 2054 12:00:00:000AM',2,'Dia da Consciência Negra')
INSERT INTO [dbo].[feriado] ([Data],[IdLocal],[Descricao])VALUES('Dec 24 2054 12:00:00:000AM',2,'Natal - SP')
INSERT INTO [dbo].[feriado] ([Data],[IdLocal],[Descricao])VALUES('Dec 25 2054 12:00:00:000AM',1,'Natal')
INSERT INTO [dbo].[feriado] ([Data],[IdLocal],[Descricao])VALUES('Dec 31 2054 12:00:00:000AM',2,'Ano Novo - SP')
INSERT INTO [dbo].[feriado] ([Data],[IdLocal],[Descricao])VALUES('Jan  1 2055 12:00:00:000AM',1,'Ano Novo')
INSERT INTO [dbo].[feriado] ([Data],[IdLocal],[Descricao])VALUES('Jan 25 2055 12:00:00:000AM',2,'Aniversário de SP')
INSERT INTO [dbo].[feriado] ([Data],[IdLocal],[Descricao])VALUES('Mar  1 2055 12:00:00:000AM',1,'Carnaval')
INSERT INTO [dbo].[feriado] ([Data],[IdLocal],[Descricao])VALUES('Mar  2 2055 12:00:00:000AM',1,'Carnaval')
INSERT INTO [dbo].[feriado] ([Data],[IdLocal],[Descricao])VALUES('Apr 16 2055 12:00:00:000AM',1,'Sexta Feira Santa')
INSERT INTO [dbo].[feriado] ([Data],[IdLocal],[Descricao])VALUES('Apr 18 2055 12:00:00:000AM',1,'Páscoa')
INSERT INTO [dbo].[feriado] ([Data],[IdLocal],[Descricao])VALUES('Apr 21 2055 12:00:00:000AM',1,'Tiradentes')
INSERT INTO [dbo].[feriado] ([Data],[IdLocal],[Descricao])VALUES('May  1 2055 12:00:00:000AM',1,'Dia do Trabalho')
INSERT INTO [dbo].[feriado] ([Data],[IdLocal],[Descricao])VALUES('Jun 17 2055 12:00:00:000AM',1,'Corpus Christi')
INSERT INTO [dbo].[feriado] ([Data],[IdLocal],[Descricao])VALUES('Jul  9 2055 12:00:00:000AM',2,'Revolução de 1932')
INSERT INTO [dbo].[feriado] ([Data],[IdLocal],[Descricao])VALUES('Sep  7 2055 12:00:00:000AM',1,'Dia da Independência')
INSERT INTO [dbo].[feriado] ([Data],[IdLocal],[Descricao])VALUES('Oct 12 2055 12:00:00:000AM',1,'Nossa Senhora Aparecida')
INSERT INTO [dbo].[feriado] ([Data],[IdLocal],[Descricao])VALUES('Nov  2 2055 12:00:00:000AM',1,'Finados')
INSERT INTO [dbo].[feriado] ([Data],[IdLocal],[Descricao])VALUES('Nov 15 2055 12:00:00:000AM',1,'Proclamação da República')
INSERT INTO [dbo].[feriado] ([Data],[IdLocal],[Descricao])VALUES('Nov 20 2055 12:00:00:000AM',2,'Dia da Consciência Negra')
INSERT INTO [dbo].[feriado] ([Data],[IdLocal],[Descricao])VALUES('Dec 24 2055 12:00:00:000AM',2,'Natal - SP')
INSERT INTO [dbo].[feriado] ([Data],[IdLocal],[Descricao])VALUES('Dec 25 2055 12:00:00:000AM',1,'Natal')
INSERT INTO [dbo].[feriado] ([Data],[IdLocal],[Descricao])VALUES('Dec 31 2055 12:00:00:000AM',2,'Ano Novo - SP')
INSERT INTO [dbo].[feriado] ([Data],[IdLocal],[Descricao])VALUES('Jan  1 2056 12:00:00:000AM',1,'Ano Novo')
INSERT INTO [dbo].[feriado] ([Data],[IdLocal],[Descricao])VALUES('Jan 25 2056 12:00:00:000AM',2,'Aniversário de SP')
INSERT INTO [dbo].[feriado] ([Data],[IdLocal],[Descricao])VALUES('Feb 14 2056 12:00:00:000AM',1,'Carnaval')
INSERT INTO [dbo].[feriado] ([Data],[IdLocal],[Descricao])VALUES('Feb 15 2056 12:00:00:000AM',1,'Carnaval')
INSERT INTO [dbo].[feriado] ([Data],[IdLocal],[Descricao])VALUES('Mar 31 2056 12:00:00:000AM',1,'Sexta Feira Santa')
INSERT INTO [dbo].[feriado] ([Data],[IdLocal],[Descricao])VALUES('Apr  2 2056 12:00:00:000AM',1,'Páscoa')
INSERT INTO [dbo].[feriado] ([Data],[IdLocal],[Descricao])VALUES('Apr 21 2056 12:00:00:000AM',1,'Tiradentes')
INSERT INTO [dbo].[feriado] ([Data],[IdLocal],[Descricao])VALUES('May  1 2056 12:00:00:000AM',1,'Dia do Trabalho')
INSERT INTO [dbo].[feriado] ([Data],[IdLocal],[Descricao])VALUES('Jun  1 2056 12:00:00:000AM',1,'Corpus Christi')
INSERT INTO [dbo].[feriado] ([Data],[IdLocal],[Descricao])VALUES('Jul  9 2056 12:00:00:000AM',2,'Revolução de 1932')
INSERT INTO [dbo].[feriado] ([Data],[IdLocal],[Descricao])VALUES('Sep  7 2056 12:00:00:000AM',1,'Dia da Independência')
INSERT INTO [dbo].[feriado] ([Data],[IdLocal],[Descricao])VALUES('Oct 12 2056 12:00:00:000AM',1,'Nossa Senhora Aparecida')
INSERT INTO [dbo].[feriado] ([Data],[IdLocal],[Descricao])VALUES('Nov  2 2056 12:00:00:000AM',1,'Finados')
INSERT INTO [dbo].[feriado] ([Data],[IdLocal],[Descricao])VALUES('Nov 15 2056 12:00:00:000AM',1,'Proclamação da República')
INSERT INTO [dbo].[feriado] ([Data],[IdLocal],[Descricao])VALUES('Nov 20 2056 12:00:00:000AM',2,'Dia da Consciência Negra')
INSERT INTO [dbo].[feriado] ([Data],[IdLocal],[Descricao])VALUES('Dec 24 2056 12:00:00:000AM',2,'Natal - SP')
INSERT INTO [dbo].[feriado] ([Data],[IdLocal],[Descricao])VALUES('Dec 25 2056 12:00:00:000AM',1,'Natal')
INSERT INTO [dbo].[feriado] ([Data],[IdLocal],[Descricao])VALUES('Dec 31 2056 12:00:00:000AM',2,'Ano Novo - SP')
INSERT INTO [dbo].[feriado] ([Data],[IdLocal],[Descricao])VALUES('Jan  1 2057 12:00:00:000AM',1,'Ano Novo')
INSERT INTO [dbo].[feriado] ([Data],[IdLocal],[Descricao])VALUES('Jan 25 2057 12:00:00:000AM',2,'Aniversário de SP')
INSERT INTO [dbo].[feriado] ([Data],[IdLocal],[Descricao])VALUES('Mar  5 2057 12:00:00:000AM',1,'Carnaval')
INSERT INTO [dbo].[feriado] ([Data],[IdLocal],[Descricao])VALUES('Mar  6 2057 12:00:00:000AM',1,'Carnaval')
INSERT INTO [dbo].[feriado] ([Data],[IdLocal],[Descricao])VALUES('Apr 20 2057 12:00:00:000AM',1,'Sexta Feira Santa')
INSERT INTO [dbo].[feriado] ([Data],[IdLocal],[Descricao])VALUES('Apr 21 2057 12:00:00:000AM',1,'Tiradentes')
INSERT INTO [dbo].[feriado] ([Data],[IdLocal],[Descricao])VALUES('Apr 22 2057 12:00:00:000AM',1,'Páscoa')
INSERT INTO [dbo].[feriado] ([Data],[IdLocal],[Descricao])VALUES('May  1 2057 12:00:00:000AM',1,'Dia do Trabalho')
INSERT INTO [dbo].[feriado] ([Data],[IdLocal],[Descricao])VALUES('Jun 21 2057 12:00:00:000AM',1,'Corpus Christi')
INSERT INTO [dbo].[feriado] ([Data],[IdLocal],[Descricao])VALUES('Jul  9 2057 12:00:00:000AM',2,'Revolução de 1932')
INSERT INTO [dbo].[feriado] ([Data],[IdLocal],[Descricao])VALUES('Sep  7 2057 12:00:00:000AM',1,'Dia da Independência')
INSERT INTO [dbo].[feriado] ([Data],[IdLocal],[Descricao])VALUES('Oct 12 2057 12:00:00:000AM',1,'Nossa Senhora Aparecida')
INSERT INTO [dbo].[feriado] ([Data],[IdLocal],[Descricao])VALUES('Nov  2 2057 12:00:00:000AM',1,'Finados')
INSERT INTO [dbo].[feriado] ([Data],[IdLocal],[Descricao])VALUES('Nov 15 2057 12:00:00:000AM',1,'Proclamação da República')
INSERT INTO [dbo].[feriado] ([Data],[IdLocal],[Descricao])VALUES('Nov 20 2057 12:00:00:000AM',2,'Dia da Consciência Negra')
INSERT INTO [dbo].[feriado] ([Data],[IdLocal],[Descricao])VALUES('Dec 24 2057 12:00:00:000AM',2,'Natal - SP')
INSERT INTO [dbo].[feriado] ([Data],[IdLocal],[Descricao])VALUES('Dec 25 2057 12:00:00:000AM',1,'Natal')
INSERT INTO [dbo].[feriado] ([Data],[IdLocal],[Descricao])VALUES('Dec 31 2057 12:00:00:000AM',2,'Ano Novo - SP')
INSERT INTO [dbo].[feriado] ([Data],[IdLocal],[Descricao])VALUES('Jan  1 2058 12:00:00:000AM',1,'Ano Novo')
INSERT INTO [dbo].[feriado] ([Data],[IdLocal],[Descricao])VALUES('Jan 25 2058 12:00:00:000AM',2,'Aniversário de SP')
INSERT INTO [dbo].[feriado] ([Data],[IdLocal],[Descricao])VALUES('Feb 25 2058 12:00:00:000AM',1,'Carnaval')
INSERT INTO [dbo].[feriado] ([Data],[IdLocal],[Descricao])VALUES('Feb 26 2058 12:00:00:000AM',1,'Carnaval')
INSERT INTO [dbo].[feriado] ([Data],[IdLocal],[Descricao])VALUES('Apr 12 2058 12:00:00:000AM',1,'Sexta Feira Santa')
INSERT INTO [dbo].[feriado] ([Data],[IdLocal],[Descricao])VALUES('Apr 14 2058 12:00:00:000AM',1,'Páscoa')
INSERT INTO [dbo].[feriado] ([Data],[IdLocal],[Descricao])VALUES('Apr 21 2058 12:00:00:000AM',1,'Tiradentes')
INSERT INTO [dbo].[feriado] ([Data],[IdLocal],[Descricao])VALUES('May  1 2058 12:00:00:000AM',1,'Dia do Trabalho')
INSERT INTO [dbo].[feriado] ([Data],[IdLocal],[Descricao])VALUES('Jun 13 2058 12:00:00:000AM',1,'Corpus Christi')
INSERT INTO [dbo].[feriado] ([Data],[IdLocal],[Descricao])VALUES('Jul  9 2058 12:00:00:000AM',2,'Revolução de 1932')
INSERT INTO [dbo].[feriado] ([Data],[IdLocal],[Descricao])VALUES('Sep  7 2058 12:00:00:000AM',1,'Dia da Independência')
INSERT INTO [dbo].[feriado] ([Data],[IdLocal],[Descricao])VALUES('Oct 12 2058 12:00:00:000AM',1,'Nossa Senhora Aparecida')
INSERT INTO [dbo].[feriado] ([Data],[IdLocal],[Descricao])VALUES('Nov  2 2058 12:00:00:000AM',1,'Finados')
INSERT INTO [dbo].[feriado] ([Data],[IdLocal],[Descricao])VALUES('Nov 15 2058 12:00:00:000AM',1,'Proclamação da República')
INSERT INTO [dbo].[feriado] ([Data],[IdLocal],[Descricao])VALUES('Nov 20 2058 12:00:00:000AM',2,'Dia da Consciência Negra')
INSERT INTO [dbo].[feriado] ([Data],[IdLocal],[Descricao])VALUES('Dec 24 2058 12:00:00:000AM',2,'Natal - SP')
INSERT INTO [dbo].[feriado] ([Data],[IdLocal],[Descricao])VALUES('Dec 25 2058 12:00:00:000AM',1,'Natal')
INSERT INTO [dbo].[feriado] ([Data],[IdLocal],[Descricao])VALUES('Dec 31 2058 12:00:00:000AM',2,'Ano Novo - SP')
INSERT INTO [dbo].[feriado] ([Data],[IdLocal],[Descricao])VALUES('Jan  1 2059 12:00:00:000AM',1,'Ano Novo')
INSERT INTO [dbo].[feriado] ([Data],[IdLocal],[Descricao])VALUES('Jan 25 2059 12:00:00:000AM',2,'Aniversário de SP')
INSERT INTO [dbo].[feriado] ([Data],[IdLocal],[Descricao])VALUES('Feb 10 2059 12:00:00:000AM',1,'Carnaval')
INSERT INTO [dbo].[feriado] ([Data],[IdLocal],[Descricao])VALUES('Feb 11 2059 12:00:00:000AM',1,'Carnaval')
INSERT INTO [dbo].[feriado] ([Data],[IdLocal],[Descricao])VALUES('Mar 28 2059 12:00:00:000AM',1,'Sexta Feira Santa')
INSERT INTO [dbo].[feriado] ([Data],[IdLocal],[Descricao])VALUES('Mar 30 2059 12:00:00:000AM',1,'Páscoa')
INSERT INTO [dbo].[feriado] ([Data],[IdLocal],[Descricao])VALUES('Apr 21 2059 12:00:00:000AM',1,'Tiradentes')
INSERT INTO [dbo].[feriado] ([Data],[IdLocal],[Descricao])VALUES('May  1 2059 12:00:00:000AM',1,'Dia do Trabalho')
INSERT INTO [dbo].[feriado] ([Data],[IdLocal],[Descricao])VALUES('May 29 2059 12:00:00:000AM',1,'Corpus Christi')
INSERT INTO [dbo].[feriado] ([Data],[IdLocal],[Descricao])VALUES('Jul  9 2059 12:00:00:000AM',2,'Revolução de 1932')
INSERT INTO [dbo].[feriado] ([Data],[IdLocal],[Descricao])VALUES('Sep  7 2059 12:00:00:000AM',1,'Dia da Independência')
INSERT INTO [dbo].[feriado] ([Data],[IdLocal],[Descricao])VALUES('Oct 12 2059 12:00:00:000AM',1,'Nossa Senhora Aparecida')
INSERT INTO [dbo].[feriado] ([Data],[IdLocal],[Descricao])VALUES('Nov  2 2059 12:00:00:000AM',1,'Finados')
INSERT INTO [dbo].[feriado] ([Data],[IdLocal],[Descricao])VALUES('Nov 15 2059 12:00:00:000AM',1,'Proclamação da República')
INSERT INTO [dbo].[feriado] ([Data],[IdLocal],[Descricao])VALUES('Nov 20 2059 12:00:00:000AM',2,'Dia da Consciência Negra')
INSERT INTO [dbo].[feriado] ([Data],[IdLocal],[Descricao])VALUES('Dec 24 2059 12:00:00:000AM',2,'Natal - SP')
INSERT INTO [dbo].[feriado] ([Data],[IdLocal],[Descricao])VALUES('Dec 25 2059 12:00:00:000AM',1,'Natal')
INSERT INTO [dbo].[feriado] ([Data],[IdLocal],[Descricao])VALUES('Dec 31 2059 12:00:00:000AM',2,'Ano Novo - SP')
INSERT INTO [dbo].[feriado] ([Data],[IdLocal],[Descricao])VALUES('Jan  1 2060 12:00:00:000AM',1,'Ano Novo')
INSERT INTO [dbo].[feriado] ([Data],[IdLocal],[Descricao])VALUES('Jan 25 2060 12:00:00:000AM',2,'Aniversário de SP')
INSERT INTO [dbo].[feriado] ([Data],[IdLocal],[Descricao])VALUES('Mar  1 2060 12:00:00:000AM',1,'Carnaval')
INSERT INTO [dbo].[feriado] ([Data],[IdLocal],[Descricao])VALUES('Mar  2 2060 12:00:00:000AM',1,'Carnaval')
INSERT INTO [dbo].[feriado] ([Data],[IdLocal],[Descricao])VALUES('Apr 16 2060 12:00:00:000AM',1,'Sexta Feira Santa')
INSERT INTO [dbo].[feriado] ([Data],[IdLocal],[Descricao])VALUES('Apr 18 2060 12:00:00:000AM',1,'Páscoa')
INSERT INTO [dbo].[feriado] ([Data],[IdLocal],[Descricao])VALUES('Apr 21 2060 12:00:00:000AM',1,'Tiradentes')
INSERT INTO [dbo].[feriado] ([Data],[IdLocal],[Descricao])VALUES('May  1 2060 12:00:00:000AM',1,'Dia do Trabalho')
INSERT INTO [dbo].[feriado] ([Data],[IdLocal],[Descricao])VALUES('Jun 17 2060 12:00:00:000AM',1,'Corpus Christi')
INSERT INTO [dbo].[feriado] ([Data],[IdLocal],[Descricao])VALUES('Jul  9 2060 12:00:00:000AM',2,'Revolução de 1932')
INSERT INTO [dbo].[feriado] ([Data],[IdLocal],[Descricao])VALUES('Sep  7 2060 12:00:00:000AM',1,'Dia da Independência')
INSERT INTO [dbo].[feriado] ([Data],[IdLocal],[Descricao])VALUES('Oct 12 2060 12:00:00:000AM',1,'Nossa Senhora Aparecida')
INSERT INTO [dbo].[feriado] ([Data],[IdLocal],[Descricao])VALUES('Nov  2 2060 12:00:00:000AM',1,'Finados')
INSERT INTO [dbo].[feriado] ([Data],[IdLocal],[Descricao])VALUES('Nov 15 2060 12:00:00:000AM',1,'Proclamação da República')
INSERT INTO [dbo].[feriado] ([Data],[IdLocal],[Descricao])VALUES('Nov 20 2060 12:00:00:000AM',2,'Dia da Consciência Negra')
INSERT INTO [dbo].[feriado] ([Data],[IdLocal],[Descricao])VALUES('Dec 24 2060 12:00:00:000AM',2,'Natal - SP')
INSERT INTO [dbo].[feriado] ([Data],[IdLocal],[Descricao])VALUES('Dec 25 2060 12:00:00:000AM',1,'Natal')
INSERT INTO [dbo].[feriado] ([Data],[IdLocal],[Descricao])VALUES('Dec 31 2060 12:00:00:000AM',2,'Ano Novo - SP')
go

INSERT INTO [dbo].tabelaextratocliente(IdCliente,IdSubReport,PosicaoX,PosicaoY)VALUES(7777,1,0,200)
INSERT INTO [dbo].tabelaextratocliente(IdCliente,IdSubReport,PosicaoX,PosicaoY)VALUES(7777,2,0,300)
INSERT INTO [dbo].tabelaextratocliente(IdCliente,IdSubReport,PosicaoX,PosicaoY)VALUES(7777,3,975,300)
INSERT INTO [dbo].tabelaextratocliente(IdCliente,IdSubReport,PosicaoX,PosicaoY)VALUES(7777,4,0,500)
INSERT INTO [dbo].tabelaextratocliente(IdCliente,IdSubReport,PosicaoX,PosicaoY)VALUES(7777,5,0,400)
INSERT INTO [dbo].tabelaextratocliente(IdCliente,IdSubReport,PosicaoX,PosicaoY)VALUES(7777,8,0,100)
INSERT INTO [dbo].tabelaextratocliente(IdCliente,IdSubReport,PosicaoX,PosicaoY)VALUES(7777,10,0,0)
INSERT INTO [dbo].tabelaextratocliente(IdCliente,IdSubReport,PosicaoX,PosicaoY)VALUES(7777,11,975,500)
INSERT INTO [dbo].tabelaextratocliente(IdCliente,IdSubReport,PosicaoX,PosicaoY)VALUES(7777,12,975,100)
INSERT INTO [dbo].tabelaextratocliente(IdCliente,IdSubReport,PosicaoX,PosicaoY)VALUES(7777,14,0,600)
go

insert into versaoschema values(replace(convert(varchar, getdate(), 111), '/', '-'))
go